text,sentiment,category,keyword
"✔국민연금에 대한 다양한 정보들, 국민연금TV에서 만나보세요.
👉🏻 https://youtube.com/@NPS_kr

✔내년부터 시행되는 “청년 생애 첫 연금보험료 지원제도” 많은 관심 부탁드려요.


[타임스탬프]

00:00 인트로
00:30 구독자 인사
01:54 1500조 굴리면서 성과급 한푼 못 받는 이유
03:07 국민연금에 대한 시선이 달라진 결정적 이유
04:47 골드만삭스도 궁금해서 찾아오는 수익 비결
07:04 1년간 231조 수익 올린 투자 전략 ‘3가지’
11:29 국민연금이 2100년까지 소진 걱정 없는 3가지 이유
14:34 ‘낸 만큼 못 받는다?’ 2030 불신에 대한 소신 발언
18:37 18년만에 이뤄진 ‘연금 개혁’의 진짜 의미
20:08 ‘노후 보장’ 국민연금의 2단계 개혁 시나리오
22:45 퇴직 연금을 기금으로 묶으면 벌어지는 일
25:21 당겨 받기 vs 제때 받기, 저라면 ‘이때’ 받습니다
29:23 아이돌 탈퇴 소식에 국민연금이 뜬금 마비된 이유
32:45 감옥살이부터 국민연금 이사장이 되기까지

📌이 시대 리더들의 혜안을 들어보는 특별한 시간, [지식인초대석: CEO]! 앞으로도 많은 기대 부탁드립니다",중립,기타,정보
국민연금 직원분들도 이사장님과같은 마인드로 일하신다니 든든합니당. 저런 분들 연봉좀 많이올려주세요,긍정,국민연금 조직,이사장
이건투기아니야? 어이가없네😂😂😂,부정,운용성과,투기
감사합니다,긍정,국민연금 조직,감사
"더 내고 더 받는다고 좋아하면 안되는게... 시간이 지날수록 그만큼 구매력이 떨어지는건 거의 기정 사실인데 이걸 계산하고 말하는 건가 싶음. 
지금 100만원으로 살 수 있는 물건이 내가 은퇴할 쯤엔 500만원 주고도 못 살 수 있는 거임.",부정,세대형평,구매력
"국민연금이 큰 손이라, 주식시장에서도 ""연기금""이라는 이름으로 올라오고 있다는 것. 당연히 주가를 좌지우지 하는 큰 세력중 하나임. 그냥 아몰랑 따라가도 70%는 돈을 벌 수 있다는.. 단지 장투해야 함.",중립,투자전략,연기금
이사장님 멋진 분이시네요✨,긍정,국민연금 조직,이사장
이사장님  오래오래 맡아 주세요 너무 든든합니다 😊,긍정,국민연금 조직,신뢰
정말 참된 지식의 활용입니다,긍정,기타,지식
"저의노후를 책임져주셔서
너무 감사드립니다
그사명감에 존경심
이 들어요~",긍정,국민연금 조직,감사
인세티브 수익액의 1%줘라,긍정,국민연금 조직,요구
공단직원용 펜션 짓지마라  국민돈을 그렇게 쓰면 안된다,부정,국민연금 조직,비판
국민연금이 세력 아닌교?,부정,투자전략,의문
노후자금은 국가연금밖에 없는데 적립금 없이 운영되는 독일에서 삽니다. 너무 부럽습니다ㅜ,중립,연금제도,비교
좋은내용입니다,긍정,기타,칭찬
"직접적 혜택을 못느끼니~
이해가 잘안됀다.
워낙 살기가 어려우니~~",중립,기타,이해
재분배는 왜 하고 지랄임? 평소에 저소득이라고 배급 ㅈㄴ 주더니 연금도  배급해주네 ㅋㅋㅋ,부정,세대형평,비판
국민연금 수익률도 훌륭하고 든든하네요~ 이사장님 말씀도 잘하시네요 대단하십니다,긍정,운용성과,수익률
존경해요~~~,긍정,국민연금 조직,존경
감사합니다 ~,긍정,기타,감사
"1964년생으로 제19대, 제21대 국회의원으로 보건복지위원회에서 활동했고, 2017년 11월부터 2020년 1월까지 제16대 국민연금공단 이사장을 역임했다.",중립,국민연금 조직,이사장
개미털어 먹어서 수익낸게 비결,부정,투자전략,비판
국민연금 고갈 30년 연장 이대통령 최고,긍정,연금제도,고갈
이처럼 훌륭한분께서 국민연금의 수장으로 계신걸 알고나니 국민의 한사람으로써 든든합니다~ 항상 건강하시길 기원하겠습니다!!,긍정,국민연금 조직,응원
"진짜 외계인들이냐고
감사합니다 진심으로",긍정,국민연금 조직,감사
돈 많이 벌면 분리하네 ㅎ,부정,기타,비판
성과급 파티만 안해도 10년은 늘어날듯,부정,국민연금 조직,성과급
정말 유익한 정보 입니다.,긍정,기타,정보
"국민연금은 믿는데요
정부를 못믿겠어요 😂😂",부정,정부개입·거버넌스,불신
"25년 12월 중순인가 취임해서 이제 막 4개월됐으면서 
25년 수익률이 뭐 자기 업적인것마냥 말하는게 좋게 보이진 않네
심지어 김성주씨 민주당쪽이라 취임식에서 국민연금 가지고 청년 공공주택에 투자해서 출산율 올리겠다고 말해서 
 국민연금을 왜 지맘대로 쓰냐고 욕먹어놓고.....",부정,정부개입·거버넌스,비판
"참~
포장도 포장도 이런 포장이 없네!? 
순진한 인간들은 또 속네 그려~ ㅋ",부정,기타,비난
더내고 더받는건 좋은데 덜내신분들이 더받는건 좀 이상하네요,부정,세대형평,형평성
"너네도 영업이익 10% 달라고 해라, 인당 30억이다 ㅋㅋㅋ",중립,국민연금 조직,비난
훌륭한 분이시네요 😊 👍 👍 👍,긍정,국민연금 조직,칭찬
직접 업무를 수행하는 최고의 전문인력과 임시직 자신을 동일시하는 것 우프다,부정,국민연금 조직,비판
16:35 고소득자는 매월 최대 637만원 세금을 내고 있는게 맞음. 저소득층 간접적으로 도와주는 소득 재분배 세금인 건 알겠는데 요즘 같이 모두 어려운 시대엔 솔직히 일할 의지 너무 깎아먹음… 30대 중반은 연금 받을 미래도 멀었는데 한참 벌 시기에 힘이 듭니다..,부정,세대형평,미래세대
"투자배분 잘한건 인정
그런데 코스피 5.000 되지 않았으면
200조 이상 수익이 가능한가? 택도없다",부정,운용성과,수익률
"더 대단하신분 인터뷰도 부탁드려요~ 
항상 잘 보고 있습니다
매일 지식인사이드만 보네요",긍정,국민연금 조직,응원
"나이55세가 되니 
국민연금이 왜 중요한지 현실로 다가옴~
젊으신분들도 금방 50되니 ~",긍정,연금제도,중요성
마지막멘트가 굉장히 와닿네요 감사합니다,긍정,국민연금 조직,감사
"아니 6만원 내고 40년뒤에 9만원 받으라고?? 
Snp에 넣어놓고 연수익률 10퍼만해도 40년 지나면 271만원이다.... 
국민들을 얼마나 우습게 봤으면 6만원 40년 넣고 9만원  받는다는 소리를 할 수가 있나..",부정,연금제도,고갈
이사장님 최고입니다!,긍정,국민연금 조직,응원
"자세한 설명 너무 좋네요
공개강의같은거 하셨음 좋겠어요!",긍정,국민연금 조직,정보 공유
이사장님 감사합니다 .이제 납입하는 위치에서. 수혜자로 넘어가는 세대입니다.  열심히 관리해주셔서. 우리가 혜택을 받게되는군요.   대한민국에 대한 자부심 뿜게됩니다. 리더쉽짱,긍정,국민연금 조직,감사
"아니 고소득층이 더 많이 내면
고소득층이 대한민국에 살까?

지금 현재 노인들은 낸 것 보다 몇백배
더 많이받음.

누가 내고 싶겠음",부정,세대형평,형평성
"내 돈으로 돈놀이 해서 벌었으니
내가 주주다 전액 환불해라",부정,운용성과,비판
미래세대에게는 절대 좋지않은 국민연금,부정,세대형평,미래세대
이번의 성과가 지속적으로 유지가 될 수 있는가? 도 생각해 봐야한다고 생각합니다. 국민연금이 대한민국의 구조에 맞는 운영 구조를 가지고 있는가? 전 아니라고 생각합니다. 반드시 고갈될 수 밖에 없는 구조를 가지고 있으며 미래세대에 책임을 떠넘기는 구조를 가지고 있다고 생각합니다. 성과가 좋을 때 도 있지만 좋지 않을 때 도 있다는 것을 생각해야 하며 잘못된 구조를 개선해야한다고 생각합니다. 연금 수급자가 대폭 증가하는 시기에 운용 성과가 좋지 않다면? 최악의 경우도 생각해야합니다. 저는 국민에게 선택권을 주어 탈퇴 할 수 있도록 하는 것이 대안이라 생각합니다.,부정,연금제도,제도 비난
"과거에
40년대생 50년대생 60년대생들이
직장생활할때
1988년 1월부터 국민연금제도가 시작되었죠

그당시 생각들이
이거 넣어서 뭘하겠냐는 식의 
부정적인 생각과
얼마넣지않고 퇴직을 하신분들은
일시금으로 찾아버리기도 했었죠

세월이 지나서
지금 그분들 (넣지않은 분들 / 일시금으로 수령한분들)
거의 대다수가 후회하고 있습니다

왜 이런말씀을 드리냐면
요즘 젊은세대들 중에
무슨 2057년도에 연금이 고갈된다느니 어쩌니 하니까
누구 좋은일 시킬라고 넣냐는 식으로
대단히 부정적인 사고를 가진분들이
대단히 많던데

그거 나중에 후회막급의 잘못된 생각입니다
벌이가 시원찮아도 26년 기준으로
월 95.000원 을 불입할수 있는데도
그것조차 하지않겠다 ?

생각을 바꾸시고 넣도록 하십시요

만 18세 이상이되는 자녀가 있으신분은 연금에 가입할수있고
소득이 없더라도 부모님이 당분간 대신내주는 식으로 하셔도 됩니다

앞으로 더 내고 더 늦게받는
방식으로 가더라도 본인에게 나쁠게없다고 봅니다

작년도 국민연금 운용수익이 
2백조 단위를 넘었다죠
기금운용이 잘되어가고 제도가 바귀어가면 고갈시점도 훨씬 뒤로 연장이됩니다

못받을거라는 걱정은 좀 지나친  잘못된 생각이며
안넣어서 후회하는것보다
가입해서 불입하는게 훨씬더 좋은 겁니다.",긍정,연금제도,가입 권장
"15%수익내고 무슨 자랑이냐?.
코스피 지수가 74% 올랐는데 에휴~❤❤",부정,운용성과,성과 비판
이사장님 넘 감사합니다~나라를  위하는 마음. 국민을 위하는 마음 감사합니다~,긍정,국민연금 조직,감사
극우들이 국민연금 불신 만듦..거짓뉴스도 워낙 많고..지금도 고갈 어쩌고 하고 다님,부정,연금제도,고갈
캄사함다!,긍정,기타,감사
이사장님 감사합니다.,긍정,국민연금 조직,감사
"연금이 중공과 손잡고 대한민국 기업 경영권 탈취하려고 한다. 기업국유화 진행중이다. 
즉 대한민국 사회주의 작업 끝나간다. 개헌 막아야합니다.",부정,기타,비난
29:26 좋소 외노자들은 3.3% 만 처내고 다녀서 국민연금 안냅니다 외노자들도 똑똑해서 세금 안내려합니다,부정,연금제도,가입
개혁 더 하고 싶어서 나오신거 같은데..,중립,국민연금 조직,개혁
정말 정말 감사합니다😊,긍정,기타,감사
잘버니까 자율제로 바꿔라,중립,운용성과,자율제
국민연금 운용사 특별감사 실시해야 한다. 불장에 수천조 운영하며 18%번게 많이 벌엇다고 생각하냐?,부정,운용성과,감사
그래도 나는 선택 사항이 되어야 한다고 본다 뭐든지 강제적으로 하는건 문제가 있는거지,중립,연금제도,선택사항
우리아들 국민연금에 입사시키고 싶다~,긍정,국민연금 조직,입사
"독립성인데 왜환율방어에 기금을 쓰시나요?
해외시장에서 수익이나야 진정한 수익이 아닌가요?",부정,정부개입·거버넌스,환율방어
국민연금 따라가야겠네😅,긍정,투자전략,응원
진짜 나라를 위한분들이시구나,긍정,국민연금 조직,감사
"국민연금 좋지요 정말 필요하고 좋은말씀입니다
그런데 사망하면끝이에요
배우자가 동갑인데 연금개시 직후사망하니
유족연금이 15%입니다 
2개월수령하고 원금은날아갔어요 개선이필요합니다",부정,연금제도,개선요청
사명감을 갖고 일하시는 김성주이사장님과 국민연금 임직원분들께  감사드립니다 화이팅 🎉,긍정,국민연금 조직,감사
연봉좀 올려드려라. 10억줘도 아깝지 않다,부정,국민연금 조직,연봉
이렇게 열심히하는분들 뒤에 국회의원 대통령 보면 자기들 주머니 채우느라바쁘고 이번에는 한국이 위험할때쓸 비축유 석유 90만배럴 중국아니면 북한에 다줘버리곤 어디에줬냐니까 알려하지말라 라는 국가인데 국민연금계속 돈벌면 욕심나서 지들꺼로 만들놈들임..,부정,정부개입·거버넌스,비판
퇴직연금 통합운영하면 세계1위 국가펀드가 되죠 세계적인 큰손이 되는게 투자에 유리해요. 특별한 딜을 할수 있죠. 저는 퇴직연금 직접 운용하는데 수익율 20%정도 매년 냅니다. 직접운용 안할땐 누적수익률 3%였답니다 ㅠㅠㅠㅠ  펀드매니저 아닌 직원들도 인센 배분하셔야해요!!! 기업처럼 하셔요🎉 타임폴리오 처럼요 성과만 좋으면 국민들이 지지합니다❤,긍정,퇴직연금,통합운영
"똑부러지시네요.
믿음이  갑니다.",긍정,국민연금 조직,신뢰
국민연금을 못믿는 이유는 지금 정부처럼 환율 방어에 쓰고 여기저기 정치적으로 필요한곳에 자꾸 쓰니까 못믿는거죠~,부정,정부개입·거버넌스,정치적 사용
국민연금 종목 선정한거 보면 완전 예술임..,긍정,운용성과,성과
이제 갑자기? 그럼 이제 냉큼 조기지급으로 국민을 살려라,부정,연금제도,조기지급
잘부탁드립니다...,긍정,국민연금 조직,응원
지금 젊은 사람들중 연금이 부담된다고 하는 사람들은 높은 확률로 노년도 빈곤해질수 있는데 이런 사람들일수록 훗날 연금의존도가 높아질수밖에 없다. 경험상 개인의 수익률이 기관을 이길순 없다. 나라가 망하지 않듯이 연금도 망할리 없으니 믿고 납부해라,긍정,세대형평,미래세대
"국민연금 이론적으로 유지가 가능하다면 좋은거 모르는 사람이 있겠습니까?
다음 세대에 강제적으로 더 많은 금액을 추징하는데 좋아하는 사람이 있을까요?
강제가 아닌 선택을 할 수 있게 해달라는겁니다.",부정,연금제도,강제추징
존경스럽다,긍정,국민연금 조직,존경
대단합니다..,긍정,국민연금 조직,칭찬
응원합니다. 진정한 애국자 이시고 영웅 이십니다.,긍정,국민연금 조직,응원
감사합니다. 4.24,긍정,기타,감사
"오픈 되지 않는 그들만의 지표
정부의 입김에서 자유로울 수 없는 곳",부정,정부개입·거버넌스,정부입김
하트,긍정,기타,응원
외화자산 팔아서 국내증시부양하거나 외환방어하는데 쓰이고있음. 국민연금은 주식비중을 너무 늘리면 안되는게 결국 국민들에게 연금을 지급하려면 주식을 현금화해서 팔아야되기 때문에 주가하락이 오거나 아니면 큰 경제침체가 오면 주식이 반토막나기도 쉬워서 안전자산이 아닌 주식에 묶인 돈은 수익율이 현재 좋아도 국민들의 미래를 장담할수가 없음,부정,정부개입·거버넌스,주식비중
국민연금이 잘해서 번게아니고 삼성 하닉이 벌어준거잖아,부정,운용성과,운용성과
지금운영하는방법이 대통력의것이잖아,부정,투자전략,비판
국민연금공단에 진짜 천재들이 많지.. 원래 유명함..,긍정,국민연금 조직,전문성
"엠씨가, 참 좋다",긍정,기타,응원
이사장은 정무직이고 경영관리하는 분이고 기금운용본부장이 투자 전문가입니다. 이사장이 나와서 자기 실적처럼 말하는 게 보기 안좋네요.,부정,국민연금 조직,이사장
반도체 슈퍼사이클을 잘 타고 날았지..... 계속될것야...,긍정,투자전략,반도체
"국민을 위해 보이지 않는 자리에서 묵묵히 애써주시는 분들이 있기에 지금의 사회가 유지된다고 생각합니다. 부부 합산 연봉이 약 6억 원 수준이다 보니 각종 연금과 세금이 아깝게 느껴질 때도 있지만, 결국 그 가치 있는 역할을 해주시는 분들이 계시기에 감사한 마음이 더 큽니다. 늘 뒤에서 조용히 응원하겠습니다.",긍정,국민연금 조직,응원
국민연금 투자해서 망해도 책임지는사람없고 자리물러나면 끝,부정,연금제도,비판
"형님들 국민연금만으로는 턱도 없습니다요
은행말고 증권사에서 개인 연금저축(IRP랑다름)추가로 운용하셔야 합니다 세액도 줄여주고 엄청난 플러스가 될겁니다",중립,퇴직연금,연금저축
"연금도 연금이지만 자산소득에 세금 좀 많이 매겨 주시길 정부/정책 관여자 분들께 바랍니다. 앞으로 노동인구는 줄어드는데, 연금 받아먹고 세금을 많이 쓰게 될 인구는 엄청나게 늘어납니다. 세금 제도 개편해야 합니다.",부정,정부개입·거버넌스,세금개편
재밋게 시청햇네요 국민연금 기대됩니다,긍정,국민연금 조직,기대
열심히 하시는분에게 보너스를 줘야합니다😮,긍정,국민연금 조직,보너스
감사합니다...,긍정,기타,감사
사명감...그 단어가 생각나네요 멋지십니다,긍정,국민연금 조직,칭찬
"30:15 카드사들이 협회 같은 곳한테 압박을 받아서 게임 ESD들한테 디뱅킹 협박하는 사례도 있으니까
국민연금한테 연락한 게 완전 뜬금없는 건 아니긴 하다는게 참ㅋㅋㅋㅋ",중립,기타,일반잡담
게스트 퀄리티 보소😅,중립,기타,일반잡담
이사장님 마인드가 너무 훌륭하시네요 국민을 위해 헌신이라 국민연금 신뢰가더 높아졌어요 ㅎ,긍정,국민연금 조직,신뢰
1500조면   약1조 달러네.,중립,기타,정보
그래서 퇴직연금 개인연금까지 해서 3중 연금으로 불안함 해소하고 나라도 믿고 이렇게 가야한다...,긍정,퇴직연금,안정성
블랙록 : 1500조?ㅋ (피식...),부정,국민연금 조직,조롱
"피같은 국민들 돈인, 국민 연금으로 
환율 방어하느라 고생이 많네여.

이런데 나와서, 돈 벌엇다고 자랑질하지 말고
돈 많이 벌엇으면, 약속대로 60세에
개시하라고.

국민들 알길, 엿날 무지랭이로 아는거야?
화딱지 나게스리.",부정,정부개입·거버넌스,환율방어
글쎄요... 지금 판단하긴 의미가 없을걸요.ㅡ 5년후 10년후에 지금어땠는지 평가해야 제대로 볼 수 있을 것.,중립,운용성과,의견
"더 내고 더 받는(?)다는걸 왜 즈그들끼리 정하냐
미래세대는 ㅈ까라는 마인드",부정,세대형평,미래세대
"댓글보니 부정적인거 많네. 
지가 굴리다 망하면 나라탓 할 거면서.",부정,국민연금 조직,비난
아이돌 때문에 국민연금 업무가 마비된다는게 말이되나😮,부정,국민연금 조직,잡담
국민연금의 신뢰가 많이 하락해 있었는데 최근 몇년간 성과에 이사장님 설명을 들으니 믿음이 가네요~~,긍정,국민연금 조직,신뢰
국민연금은 세금이다 없어져야 한다,부정,연금제도,고갈
"국민연금👏👏👏

늘 좋은정보 출근길... 퇴근길... 감사히 듣고 있습니다. 구독신청♡좋아요",긍정,국민연금 조직,응원
이런식으로 대중적인 채널에 나와서 설명해주시는게 젊은사람들의 불신을 그나마 해소할 수 있을 듯 해요,긍정,국민연금 조직,신뢰
냉정하게 환율 상승분 빼면 몇% 일까요???,중립,운용성과,질문
국민연금은 엑싯 어케함?,중립,연금제도,탈퇴
우리나가 대단한걸 우리나라사람들만 모름😂 국민연금 이사장님의 모토도 정말멋지십니다😊,긍정,국민연금 조직,칭찬
"맨날 국민 연금 욕하더니.. 성과가 좋으니, 직원들 대우 해줘야 한다. 
조건 좋은 증권사 투자사 안가고 적은 연봉에 일하고 있으니.",부정,국민연금 조직,비판
"평소 지식인사이드를 즐겨 보는 애청자입니다.
지식인사이드도 사적인 채널이다보니, 수익성이 중요하고 그에 따른 영상의 방향성이 있는 점은 동감하고 있습니다.
그러나 해당 영상의 경우에는 너무나 편파적인 정보만 제공하고, 해당 부분에 대해서 중립을 지키지 못하는 한석준 아나운서님에 대한 실망이 큽니다.
19분 13초에 보시면, 
6만원을 더내고 40년뒤에 9만원을 더받는 것을 마치 이득인 것처럼 얘기를 하십니다.
그러나 20년 비교를 해도 실질 물가율은 2배넘게 올랐습니다.
20년 전에 짜장면 가격을 생각해보세요.
그런데 이부분을 마치 이득인양 과장해서 말하는 것은 올바른 지식 전달 방향이 아니며, 지식인사이드 방향이 맞는가 의구심이 듭니다.
불과 몇일전 영상에서도 경제와 주식에 대해서 물가와 복리에 대해서 영상을 전달하면서 얘기를 하셨던 한석준 아나운서님께서는 왜 해당 부분이 잘못된 정보라는 것을 짚고 가지 않으시는 걸까요?",부정,연금제도,제도 비난
"와...
차분히 논리적으로 말씀 잘하시네...
본인의 소신 도 국민연금의 원래 목적도 사명감도...",긍정,국민연금 조직,신뢰
국민연금에도 천재들이 많아서 안심이다.,긍정,국민연금 조직,신뢰
감사히 들었습니다,긍정,기타,감사
1500조를 굴린다... ㅎㄷㄷ,중립,국민연금 조직,자산규모
이사장님 믿음이 갑니다~,긍정,국민연금 조직,신뢰
"이광수선생님하고 투자전략이 같네요.
저도 열심히 따라가는중이고
수익을 많이 내고 있습니다.
분산, 장기, 위험관리",긍정,투자전략,분산투자
곳곳에서 역할 이상을 해주셔서 나라가 돌아갑니다 감사해요,긍정,국민연금 조직,응원
"내가 연 수익이 평균 13.5%정도 되는데
포트폴리오에서 지수 비율이 높은 편임
이정도만 해도 평균은 가는듯",긍정,운용성과,수익률
난 아직도 안 믿음. 코스피 바닥일때 미국주식 더 늘린다고 말하던 국민연금!  홈플러스사태는 어쩔건데? 눈 먼 돈이랍시고 여기저기 뿌려댄 돈이 드러나지 않았지만 어마어마 할 걸,부정,정부개입·거버넌스,비판
"국민연금은 투자는 잘하고 있다. 다만 정부 입김에 환율방어나 포트폴리오 조정 등 리스크가 있고, 들어오는 돈보다 나가는 돈이 많다보니 고갈위험은 사라지지 않는다.",부정,연금제도,고갈위험
그냥 국민연금이 세력인데 당연히 돈 벌지... 게임으로 치면 맵핵키고 게임하는건데. 결국 국민연금이 마지막에 수익실현하고 던지는 물량은 역설적이게도 국민들이 받아서 피해보는 구조임,부정,세대형평,피해
말씀을 상당히 잘하신다.,긍정,국민연금 조직,칭찬
김성주이사장님 마지막멘트가 너무멋지네요 감사합니다,긍정,국민연금 조직,이사장 칭찬
"젊은 세대의 불신은 단순히 출산율 저하로 인한 국민연금 고갈에 대한 불신도 있겠지만, 미래에 세금 낼 사람은 2030인데 지들이 낼 것처럼 세금 뿌려대는 정책 꼬라지가 불신을 키우는데 일조 했다고 생각합니다.",부정,세대형평,미래세대 부담
"근데 이사장은 연금 지급이나 관리하는 떠돌이고, 기금 전문가가 아님. 기금운용본부장을 불러야지",부정,국민연금 조직,전문성 비판
수십년 후에 한국 주식을 팔 때는 그 수익률이 의미가 있을까요? 진짜 궁금해서 여쭤봅니다,중립,운용성과,질문
국민연금 주식투자한다고 욕하는 무식한놈들 보면 피가 끓어오른다,긍정,국민연금 조직,비난
연금고갈된다 20대는 못받다했었는데 많이 벌어놨나보네요,부정,연금제도,고갈 우려
"멋진분이시네요~~
건강하시고 연금 자~알 불려주세요~~~♡
싸랑합니다..",긍정,국민연금 조직,응원
"그냥 국민연금은 국가에서 시행하는 폰지사기 다단계임
미래세대가 받쳐줘야 유지가 되는데 인구 피라미드가 정상일 땐 아무런 문제가 없지만
지금 상황은 반대라 문제인 거임
그리고 연8%라는데 물가상승률 반영해야 함 화폐가치 떨어지는 거 생각하면 금이나 S&p500을 이기는 게 중요한 거임
난 솔직히 말해서 미성년자 투표권을 부여하는 대신 부모가 대신 투표하게 하고, 국민연금 받으면 투표 금지 시켜야 한다고 봄
전쟁나면 20대, 30대, 40대 많으면 50대가 투입되는 게 아니라 노인들부터 징집시켜서 총알받이라도 시켜야 한다고 봅니다.",부정,연금제도,제도 비난
퇴직금은 개인의 돈입니다. 연금으로 받든 일시불로 받든 그건 개인의 선택에 맞겨야지요.,중립,퇴직연금,개인 선택
국민연금에 믿음이 없는1인이었는데 👍 이제 더 믿고 갑니다.,긍정,국민연금 조직,신뢰
너무 감사합니다~~,긍정,국민연금 조직,감사
"국민연금도 손실이 날 수 있고, 국가의 복지는 사라지면 안되므로 나중에 어짜피 지급할 돈이라고 지금 지급할 수 없으며, 그 돈은 매해 세수에 의한 예산으로 지급하는 것이므로 실행되기 어렵다.",부정,연금제도,지급 방식
1년만 국내주식장 좋아서 좋았던거지 국민연금 갈아 먹는다고 욕 맨날 먹었음,부정,투자전략,국내주식
"20대 직장인입니다 이 영상을 보기전까지는 국민연금에 대한 불신만 가득했습니다.
생각이 바뀌었습니다 믿음이 생기네요
정말 스마트하신 이사장님 감사합니다 국민들을 위해 라는 말씀을 영상내내
반복하시는거보면 정말로 사명감으로 일하시는게 느껴져요 감사합니다 
건강하셔서 오래살아주세요",긍정,국민연금 조직,신뢰
이사장님을 비롯하여 사명을 가지고 임해주시는 국민연금의 모든 구성원분들께 감사드립니다. 세계에서 국민연금의 위상이 이정도로 높은 줄은 몰랐습니다. 제가 한 일은 없지만 덕분에 또 자부심을 가지게 되네요 😊,긍정,국민연금 조직,자부심
"국민연금,퇴직연금,주택연금 주식으로 오호통재라 이제 오셔서 구원,심판이 있게하소서",긍정,국민연금 조직,잡담
이사장님 얘기 잘 들었습니다. 이렇게 훌륭하게 기금 운용해오고 계신 기금운용본부장님에 대해서도 궁금하네요 ㅎㅎ,긍정,국민연금 조직,운용
그니까 그래도 20~30대가 더 내고 있는데 인구는 줄고있고 부양할 인구는 많아지고 투자로 많이 번다고 한들 그게 항상 그럴것같냐? 절대 아니거든 말만 그럴듯하지 결국 20 30대를 설득할 내용이 전혀 되지못함 국민연금 내는돈 ㅈㄴ아깝더 내가 투자해서 내가 번다,부정,세대형평,부담
그럼? 유의 월급은? 어떻게   만드시나요?,부정,국민연금 조직,질문
진짜 증시 호황으로 연금 고갈 싹 사라짐..ㅋㅋㅋㅋ,부정,연금제도,고갈
내가 나이가 60이 되어 더 내겠다니깐 국가 지원이 없어지던걸요 두배로 내야지요 그건 아닌듯 해서 몇번 내다 말았습니다 국가의 지혹적 지원이 있어야 할 것입니다,부정,연금제도,지원
근데 왜 맨날 국민연금 고갈 드립치고 지랄들이냐 매번.,부정,연금제도,고갈
보너스 좀 줘라 심하네 이사장은 그렇다 치고 주담들은 줘야지,부정,국민연금 조직,보너스
이때까지 까 처먹을깨는 연금 고갈된다고 노래를 불러 싸터구만..죽알놈들.,부정,연금제도,고갈
"더내고 더받자라는 개소리의 주인공이었네 ㅋㅋㅋ
언제부터 국가가 빈곤층 지원를 해줬다고 
부자는 그냥 돈 뜯기는거자나
소득 재분배 같은 개소리를 하고 자빠졌네
개소리 말고 돈내놔라",부정,세대형평,재분배
"국민연금 펀드매니저 아시는 분 있는데, 다른 조건 훨씬 좋은 곳 안 가고, 일한지 7년됨. 사명감이 있더라 소주 한잔하는데 그래도 자기가 국민들 노후책임진다는거",긍정,국민연금 조직,사명감
매번 같은말을 하지만 월급쟁이중에 지금 4.5퍼 국민연금 내는것 조차 힘들거나 아쉬워 계속 생각나는 극빈층이라면 오히려 국민연금이 동아줄이니 꽉 붙잡어 지금 가망없는 사람들이 노후에 가망없는건 거의 빼박임,중립,연금제도,극빈층
여기 댓글질 하는 것들 ㅋ 왜 이리 화가 나 있음???? ㅋ 10멧돼지 콜성괴 가 그리 국고 탕진했을 땐 아몰랑 피의 쉴드 치던 것들이 ㅋ,중립,기타,잡담
"s&p500,나스닥100. 에 엄청나게 투자하고 있습니다.",중립,투자전략,투자
우리나라 지금 국민연금 이사장이 이렇게 훌륭한 분이셨군요. 감사합니다. 건강히 계속 잘해주시기 응원합니다❤,긍정,국민연금 조직,응원
"국민연금 고갈 리스크 없어졌으니 이제 그만 올립시다.
그리고 어차피 한세대 뒤엔 상속세 때문에 모든기업의 최대주주가 국민연금이 되어 국가소유가 되고 공산주의나 다름없는 국가가 될 겁니다.",부정,연금제도,고갈
"이사장님께서 혜안이 
뛰어나신 분이시군요.
국민연금이 든든해서
저도 최근 추납완료 했습니다.
“달걀을 한 바구니에 담지마라” 격언처럼
종목. 섹터. 자산. 나라...
여러 곳에 분산하셨다는 뜻으로 이해됩니다.^^;;",긍정,국민연금 조직,추납
나 만 17세인데 국민연금 받을 수 있냐,중립,기타,질문
국민연금 내라는데 그거낼돈으로 s&p500 사면 압도적으로 벌텐데 왜 국민연금도 미국주식에 투자하면서 국민연금통해서 온전히 수익률도 못가져가고 65세돠도 월평균 5~60이라는데 누가하고싶나요?? 주식 운용하신다는분이면 다아실텐데 홍보하러 나오신거라고밖에 안보이네요..,부정,투자전략,수익률
천재펀드메니져가 들어왔군요ᆢ땡큐,긍정,국민연금 조직,칭찬
개소리나 처해대는 국회의원들 국민연금 강제로 90프로 국가가 떼어갔으면 좋겠습니다 돌려받는건 떼간거에서 10프로 만 받고,부정,정부개입·거버넌스,국가개입
국민연금에 대한 다양한 정보를 알 수 있어 유익한 시간이 된 것 같아요.,긍정,기타,정보
2등,중립,기타,기타
1등!,중립,기타,기타
"국민연금관리공단.. 국민 영웅들이 일하는 곳이였군요.
이 정도 실력이면 오라는 곳도 많으셨을텐데 사명감으로 일하시다니..
감사하고 사랑합니다~❤",긍정,국민연금 조직,응원
연금 많이 받아도 지역의료보험비로 다 뺏어가는데요? 시스템이 이상하거든요?,부정,연금제도,시스템
"무슨 광고를 하냐 국민연금 미치겄다
투자비율 정부 압박에 따라 국내주식 비중 늘린거 맞냐? 아니 비밀리에 샤부작 샤부작 해서 국민들이 뭘 믿고 맡기냐 해외주식 국내주식 책권 어디에 투자하고 있는지 지나고 난 다음에는 분기별로. 밝혀야 하는거아니냐?",부정,정부개입·거버넌스,투자비율
나도 저렇게 시드좀줘봐 세력될수있으니까,중립,기타,시드
마인드가 독립운동가의 후손이신거 같네요. 40대 워킹맘으로 국민연금이 차곡차곡 쌓여감에 감사하고 있습니다. 자라나는 아이들도 성인되면 가입할 수 있는 마음이 우러나도록 말씀해주신 것 처럼 연금이 고갈되지않고 믿고 맡길 수 있는 든든한 국민의 연금이 되길 바랍니다!~,긍정,연금제도,감사
ㅋㅋ이러다 분기 마이너스만 뉴수나와도 지랄지랄 하는 화가잔뜩쌓인 놈들이 때거지로 욕할거야 왜케 삐뚤어졋는지,부정,운용성과,마이너스
도박도 그렇듯이 원래 시드 많은놈이 더 버는법임,부정,기타,도박
국민연금 내부정보로 엄청난 수익봤겠지,부정,운용성과,내부정보
국민연금이 세력질하는건데 그걸 어떻게 이기냐? 국민연금의 수익은 개미들을 턴것이다.,부정,운용성과,세력질
"5:16 와우 ㄹㅈㄷ
여기가 세력이었네...",중립,기타,일반 잡담
"이사장님 마지막 말씀 감동적이고
가슴이  뭉클합니다
건강하세요~❤",긍정,국민연금 조직,응원
"외국인 근로자들도 국민연금에 가입하는 줄 몰랐네요. 10년 가입기간을 채우면 연금수급자격까지 생긴다니...
한국국민을 위한 국민연금이어야 하지 않나요?",중립,연금제도,가입
"국민연금 받을 나이에 죽은 어느 가장이 있더군요. 
수십년을 냈지만 모두 국고가 됐지요.

처는 없고 자녀 셋은 다 컸으니깐요.
법을 개정해서 유족에게 다 돌려주세요.

국민연금 광고하는 낙하산 인사가 아니라 
비합리적인 면을 연구한 사람을 초대해주세요.",부정,연금제도,법 개정
"근데 선진국의 복지 시스템으로 만들어 나가는게 목표라고 하셨는데 그 선진국, 즉 유럽국가들이 지금 세대간의 복지 불평등화로 인해 연금시스템은 잘못 만들어졌다. 이런식으로 많은 비판이 나오는 상황에 대해 어떻게 생각하시는지 궁금하네요",중립,세대형평,복지 불평등
이분은 능력도 있고 사명감도 있어보입니다 공무원같지 안고,긍정,국민연금 조직,능력
"4대보험중 가장 불합리한게 건강보험임
고소득자는 그많큼 퍼센트로 떼어가는데 혜택은 저소득자가 다 챙겨가는 구조임.
차라리 국민연금으로 소득만큼 떼어가는건 찬성 그만큼 65세때 낸만큼 돌아오는데 건강보험은 그딴거 없음
너무 불합리함!!",부정,세대형평,불합리
국민연금으로 주식투기판 만든걸 자랑이라고... 내참.. 어쩌다 나라가 이지경이 됬나.. 저런 뻔뻔함이 내참... 저러다 주식 꼬꾸라지면 다 니책임이겠네.. 으이구.,부정,운용성과,투기
주식으로 매년 수익률을 올린다는게 쉽지 않는데 대단하다고 생각합니다. 다만 20~30대에 20년 30년 납부한다고 하면 그 금액이 장기적으로 봤을 때 돈의 가치가 20~30년전이랑 같은가 의문입니다.,중립,운용성과,수익률
정권에서만 안 걸들면 아무 문제 없다. 국힘만 집권하면 빼 돌려 쓰기 바쁨. 나를 위해서 자손을 위해서 거기만은 찍지 말자.,부정,정부개입·거버넌스,정권 비판
"국민연금 본사 옆동네 살고 있어서  국민연금 옆 공원 따라서 산책 자주 하거든요 . ( 그 공원 따라가면 기지제라는 곳 나오는데 산책으로 그만이에요. 연꽃 필때 놀러오세요^^.;) 토요일이든 일요일이든, 공휴일이든 건물에  불이 켜져있어요. 옆친구와 그 광경보면서  ' 저기는 쉬지도 않나봐.'라고 자주 이야기 합니다. 평일, 공휴일 안가리고 밤에도 항상   불이 반짝반짝해요. 제가 퇴근을 걱정할 정도 입니다..",중립,기타,산책
정말 도움되는 내용입니다~~,긍정,기타,도움
내 퇴직연금 건들지마라,부정,퇴직연금,퇴직연금
"24년도 윤석열이 국민연금의 연기금운영 개혁으로 세계적인 수익 기반을 만들어 놓을걸 이재명의 특기인 남의 공 가로채기로 따먹은거지.
원전.방산.반도체도 윤석열이 만들어 놓은 기반을 바탕으로 성과를 내고 있는거지",부정,연금제도,개혁
일단 퇴직연금 기금화는 사유재산제도 침해입니다.,부정,연금제도,기금화
이제는 퇴직금까지 가져가려고하네ㅋㅋㅋ,부정,연금제도,퇴직금
전주사람으로서 참 말씀잘하시네요  말씀 잘하시는분 보기 힘들었어요,긍정,국민연금 조직,칭찬
추가금을 제외하면 결국 1500조도 28년후에 고갈이네..?,부정,연금제도,고갈
납부하기 싫다니까 일찍 납부하라고 돈 주는걸로 생색내네 ㅋㅋ,부정,연금제도,납부
"ㅋㅋㅋㅋㅋㅋㅋㅋ여러분 오해하시면 안됩니다  이분 정치인입니다. 누가 보면 능력있는 펀드매니저가 나라 위해서 싼값에 일하는 건 줄 알겠네요.... 이분 국회의원 출신이고, 재선 실패 후 문재인정부에서 정치인 최초로 이사장으로 앉힌거에요. 기금 운용 관련 경험 없습니다 ㅋㅋ 그래서 그 당시에 낙하산이라고 욕 많이 먹었어요 ㅎㅎ 2년 조금 넘게 하시다가 21대 총선 나간다고 때려치고 국회의원 하다 이재명 정부에 다시 온겁니다 ㅎㅎ  첫 임기동안 수익률은  -0.23%, 9% 10% 였습니다 ㅎㅎ 좋은 수익률이긴 하나 작년 역대 최고 수익율은 윤정부에서 임명한 김태현 이사장 일때 였습니다..  그리고 개인적으로 수익율은 이사장이랑은 큰 상관 없다고 생각합니다....😅",부정,국민연금 조직,이사장 비판
정신이 살아있는 분입니다...이런  분을 차기대통령으로 세워야 국격이 높아집니다...,긍정,기타,응원
투자비결이있으면 돈 모자라단소리가나왔겠냐 그냥 증시가좋으니까그런거지,부정,기타,비판
"3:52 그러면서 환율방어에 기금을 쓰세요? 정치인이 무슨 기금운용을 이야기한다고ㅋ 실무자들이 보면 웃어요 민주당 아저씨

17:17 그리고 이걸 거부한다고요
자본주의사회에서 재분배를 통해 사회질서를 확립한다? 낸만큼 받아야하는데 내지 못하는 사람에게 기회를 줘야지 왜 돈을 쥐어줍니까? 그러니 배급사회라고 이야기하는데 아직도 2030세대가 이야기하는걸 전혀 모르네",부정,정부개입·거버넌스,환율방어
"국민연금을 운영하는 곳은 정부이다
왜 국민연금이 올 1월에 회의를 가진 후 삼전과 SK에만 몰빵 했을까?
이재명 대통령은 코스피 5000을 말했었기에 이 목적을 이루기 위해서는 두 축을 띄울 수밖에 없었을 것
마침 반도체 슈퍼사이클이 맞아 떨어지면서 더욱 공격적으로 투자 지시를 했을 듯
그러니까 이번 투자에 대한 비밀공개를 전면 금지 시키고 4년 후에 들여다볼 수 있게 처리한 것 같음
두 기업에 몰빵한 것은 분명 위험성이 따르지만 우리나라가 구조적으로 완전히 선진국으로 인정받게 되는 2028년과 외국 자금이 의무적으로 50조원 이상을 우리나라에 투자해야 하는 2029년까지는 안도해도 될 듯
이 시기 이후로 두 기업의 주가는 더욱 폭등할 거임. 당연히 코스피도",부정,정부개입·거버넌스,투자지시
든든해요❤❤❤,긍정,국민연금 조직,응원
ㅋㅋㅋ 국민연금으로 주식쳐하고 장난싸고있네,부정,기타,조롱
내곁에국민연금 어플맨밑에 기금현황 써있네요 조성 1979조 지출438조 적립금 1540조 대단하네요 든든하다,긍정,운용성과,기금현황
"국민연금을 운영하는 곳은 정부이다
왜 국민연금이 올 1월에 회의를 가진 후 삼전과 SK에만 몰빵 했을까?
이재명 대통령은 코스피 5000을 말했었기에 이 목적을 이루기 위해서는 두 축을 띄울 수밖에 없었을 것
마침 반도체 슈퍼사이클이 맞아 떨어지면서 더욱 공격적으로 투자 지시를 했을 듯
그러니까 이번 투자에 대한 비밀공개를 전면 금지 시키고 4년 후에 들여다볼 수 있게 처리한 것 같음
두 기업에 몰빵한 것은 분명 위험성이 따르지만 우리나라가 구조적으로 완전히 선진국으로 인정받게 되는 2028년과 외국 자금이 의무적으로 50조원 이상을 우리나라에 투자해야 하는 2029년까지는 안도해도 될 듯
이 시기 이후로 두 기업의 주가는 더욱 폭등할 거임. 당연히 코스피도
국민연금이 더욱 선진화되기 위해서는 정부로부터 완전히 벗어나야 함",부정,정부개입·거버넌스,투자지시
"이 분, 25년도 취임함. 국민연금이 잘하고 있는 건 이 분 덕은 아님. 업계 경험을 가진것도 아니고 그냥 정치인임. 찾아보시길. 디스하려고 하는 게 아니라, 훌륭한 안목과 장기적 비전 탁월한 분석력울 가진 운용역들 덕뷴에 국민연연금이 탄탄해진 거임. 이 자리에 이 분이 나온 것도 나는 이상하다고 생각함. 왜 운용 책임자가 안나오고?",부정,국민연금 조직,이사장 비판
"기초연금 폐지하고
그 예산을 국민연금에 투자해라
1년에 25조면 
20년뒤에 1000조
30년뒤에 2800조 찍을수 있을텐데
그때되면 국민연금 자산 절대 줄어들일 없을거고
남아도는 국민연금으로 
기초연금 100만원씩 뿌려도 유지될거다 

제발 지금이라도 60세70세80세 연금 수급률 5~10%삭감하고
기초연금 같은 쓸데없는짓하지말고
아니 월300이 30년동안 국민연금 투자해서
월 130수령예정이라는데

아무것도 안한사람 월40이 말이되냐? 

제발 지금 국민연금자산 천조넘을때 최대한 지원해서
나중에 청년들이독박쓰지않게좀 만들어라",부정,연금제도,기초연금 폐지
국민연금 수급자는 아니지만 국민연금에 대한 자부심이 생기는 영상이네요~,긍정,기타,자부심
잘봤습니다...참 훌륭하신분들이 이런 좋은말씀해주신거에 감사드립니다.,긍정,기타,감사
"국민연금을 운영하는 곳은 정부
왜 국민연금이 올 1월에 회의를 가진 후 삼전과 SK에만 몰빵했을까?
이재명 대통령은 코스피 5000을 말했었기에 이 목적을 이루기 위해서는 두 축을 띄울 수밖에 없었을 것
마침 반도체 슈퍼사이클이 맞아 떨어지면서 더욱 공격적으로 투자 지시를 했을 듯
그러니까 이번 투자에 대한 비밀공개를 전면 금지시키고 4년 후에 들여다볼 수 있게 처리한 것 같음
두 기업에 몰빵한 것은 분명 위험성이 따르지만 우리나라가 구조적으로 완전히 선진국으로 인정받게 되는 2028년과 외국 자금이 의무적으로 50조원 이상을 우리나라에 투자해야 하는 2029년까지는 안도해도 될 듯
이 시기 이후로 두 기업의 주가는 더욱 폭등할 거임. 당연히 코스피도
국민연금이 더욱 선진화되기 위해서는 정부로부터 완전히 벗어나야 함",부정,정부개입·거버넌스,투자 비밀
대단 하시네,긍정,기타,응원
이분도 몰빵(?) 이라는 표현을 쓰는군요 ㅎㅎ,중립,기타,일반 잡담
이사람 멋지네.  감사합니다.,긍정,국민연금 조직,칭찬
그래서 그돈으로 중국인 케리어들어주는거군요,부정,기타,비판
아 진짜 국민연금 etf 상품 너무 탐난다 😂,긍정,투자전략,ETF
개인 주식을 못 하는 데 국민연금으로 번 돈에 대한 성과급이 없는 게 좀 그렇네요. 물론 돈 벌려고 공무원 하신 건 아니지만 그래도 5년치 벌걸 1년 만에 벌었는 데 성과급이 하나도 없다니 제가 다 아쉬워요~~😢 예전엔 국민연금이 월급 일부분을 떼가는 게 아쉬웠는 데 요즘엔 국민연금이 샀다고 하면 한번 더 들여다보고 그럽니다ㅋㅋ 심지어 국민연금 실시간 투자비율을 알려주는 사이트도 나왔어요! 건강히 공무 수행하셨으면 좋겠습니다 응원할게요 ㅎㅎ,중립,운용성과,성과급
노후대책의 마지막 보루인데 국민연금이 잘 지켜주고 키워줘서 너무 고맙고 감사합니다❤,긍정,연금제도,감사
"낸 것보다 더 받는데 언제까지 받을까 말장난이지 
받을 사람만 받고 고결 되겠지",부정,연금제도,고갈
국민연금 열심히 내고 노후 안정하자!!👍👍👍,긍정,연금제도,안정
불안했는데 믿음이가서 국민연금 다시 시작할 생각이예요~,긍정,연금제도,신뢰
국민연금 임직원분들 개멋집니다 고마워요,긍정,국민연금 조직,칭찬
생각보다 연봉 낮으십니다 ㆍ노고비례가 아니네요ㅠ,부정,국민연금 조직,연봉
이 분 국민들보고 통장에 꽁쳐둔 돈 자기한테 돈 맡기면 3배로 불려주겠다는 그분이네ㅋㅋㅋㅋㅋㅋㅋㅋㅋㅋㅋㅋㅋㅋ,부정,국민연금 조직,비판
감사와 존경을 드립니다.. 엄청난 일을 하셨습니다.❤,긍정,국민연금 조직,존경
국민연금 etf 좋습니다😅🎉🎉🎉,긍정,투자전략,ETF
수익소식듣고. 멈춰있던 연금 다시 시작했네요!! 2000 더 넣음  예상수급 월80이라는데 평생받는거 3년만 받음 본전이니 하려구요,긍정,운용성과,수익
이재명과 가까이 하지 않는 길이 국민연금 지키는 길이라요.. 그분을 가까이 하면 말년에 화를 입을 수 있음을 명심하기 바랍니다.. 고환율 환햇지 같은 사건에 말려들지 마시기 바랍니다.. 늘 정권과는 중립성을 지키고 오로지 국민과 함께 하시기 바랍니다..,중립,정부개입·거버넌스,중립성
정부야 이사장님 하고싶어하시는대로 다 해줘라,부정,국민연금 조직,정부개입
"국민연금 잘 운영해주세요~~~~~^^
진짜 대한민국~~~~~",긍정,기타,응원
저렇게 책임감 있으신 분들이 구성된 조직이면 한 번 믿어보겠습니다,긍정,국민연금 조직,신뢰
삼성보다 더 번거네 ㅋ ㅋ ㅋ ㅋ,부정,기타,비판
약간 슈카가 맨날 얘기하는 이야기를 직접 듣는 느낌 ㅋㅋ 연봉 얘기하시니까 갑자기 이사장님께 감사해지네요 ㅋㅋ 근데 기금 늘릴수 있도록 어릴때부터 국민연금 계속 내는걸 말씀하시네요 복리가 정말정말 중요하네요. 아버지 고향 친구분도 65세 넘으셨는데 국민연금 가입안하셔서 자식들한테 용돈 달라고 하신다고 하네요. 자녀들도 부모님이 국민연금 받으시는게 정말 좋은거네요,긍정,연금제도,국민연금
아니 자기가 운용했나? 왜 지가 성과급을 받아야 하냐 지금도 많은데,부정,운용성과,성과급
100억은 받아야한다   성과위주로 가는것이 자본주의다❤,긍정,운용성과,성과급
"그럼 국민연금을 선택적으로 내게 해줘라

난 낸다고 동의 한 적이 없다고",부정,연금제도,선택적 납부
"청년,청소년이 희생하고 6070년대생이 이득보는 국민연금",부정,연금제도,세대형평
1500조를굴리는데 연봉이 1.5억이라니,부정,국민연금 조직,임직원
저 두 사람의 앉아있는 바지 길이를 보며 왜 양복바지의 길이는 저래야지? 그닥 이쁘지도 않고 뭔가 이상한데! 누군가 저 모습에도 혁명을 꺼내들어 내비쳐줄까?,중립,기타,일반 잡담
"한국은 외국인이 낸 국민연금 그대로 다 돌려주는데 , 일본은 외국인이 낸 국민연금을 돌려줄때 세금을 떼고 돌려줘서 충격먹었어요",중립,기타,정보 공유
전주에 있으면 뭐해 전주 시민으로써 해택이 전혀 없는데,부정,지역발전,지역경제
국민연금주? 뭐 이런 거 만들어서 국민들 노후안정자금 만드는 건 어때? 즉 국민연금이나 정부나 고위공무원들만이 아닌 일반 국민들이 진짜 걱정없이 누리며 잘살게 부가 쏠리도록 해보는 건 어때?,긍정,연금제도,제도 개혁
폭락째 우리가 탈출 할수 있게 받아주신 분들,긍정,기타,응원
운인지 실력인지..,중립,기타,일반 잡담
저 이제 9년 남았어요.  열심히 냈으니 꼭 주세요.🙏,긍정,연금제도,지급 요청
"조기국고투입
긍정적으로 검토하고 실행했으면 좋겠습니다",긍정,연금제도,국고투입
수고 많으십니다 고맙습니다,긍정,기타,감사
"많이 낸다고 많이 받는구조는 아니고, 외국인도 넣어 끼워서 재분배해주는군요. 저는 좀 빼주세요. 전 작년 수익률 30프로였습니다.",부정,연금제도,재분배
이런분을 이제야 알게 되다니ㅠㅠ,긍정,기타,응원
엉뚱한 곳에 쓰이지 않았으면 좋겠습니다,부정,연금제도,용도
"많이 낸다고 많이 받는구조는 아니고, 외국인도 넣어 끼워서 재분배해주는군요. 저는 좀 빼주세요.",부정,연금제도,재분배
그나마 국민연금이 수익을 잘 낸다고 하니 다행이긴 하지만 연금을 국가가 강제하더니 무슨 근거로 퇴직금까지 국가가 강제하나요? 국민 복지는 연금으로 할게 아니라 세금으로 해야되는거 아닌가요? 왜 세금 외에 연금이란 형태의 세금을 또 만드는건가요? 그리고 퇴직금을 예고도 없이 강제 기금화하면 퇴직금을 활용하려던 사람에게는 국가가 무이자 대출해줄건가요? 마지막으로 환율 방어에 실패한 국가의 책임을 국민연금이 손해 보며 방어하는 행위는 정당화 될 수 있나요? 국민이 바보인줄 아십니까. 뭘 잘했다고 이런데 나오시는지요?,부정,연금제도,강제성
"국민엔금의~국내주식투자방식은~
추세추종방식인데~
■●이 방식은 ~지속적으로 손절을 하고
지속적으로 거품주를 사는 방식입니다.
■●시간이 지나면 지날수록 ~
보유주식 비중은 하락하고~표면상 평가금액만 높아보이는~최악의 방식이고
■●장기채권 평가 방식은 ~채권금액으로 하고(실재 장기채권은 ~시장거래가로
보면 ~엄청난 손실상태임)
■●해외 부동산 투자 평가 수익도
엉터리 입니다
■●주식은 시장가로 평가하는 최악의
방식 입니다.
■●거품주들이 ~폭락하면~몇배조가
순식간에 줄어드는 방식 입니다",부정,투자전략,투자방식
"소명, 사명감이 투철하신 분이네요. 부디 그 마음 변치 않길 바랍니다.",긍정,국민연금 조직,사명감
16:35  왜 안내고 안받는데 나머지 사람들의 연금이 줄어드나요?,중립,연금제도,질문
"국민연금 주주로 있는 XXXX 주식 저가라 판단되어 국민연금믿고 매수했고 
국민연금 주주로 있는 우량주 저가타이밍에 매수해 장투하면 돈벌듯합니다 😂",긍정,투자전략,주식투자
퇴직연금 건들지마라,부정,퇴직연금,퇴직연금
국민연금 수익률좋다는 뉴스 나올때마다 대단하다 생각했는데 이사장님얼굴봬니 너무 안심되요❤,긍정,국민연금 조직,이사장
"노인 빈곤은 젊을때 열심히 일안하고 술마시고 했는데 왜 챙겨?
국가유공자 3대 까지  지원해야하냐?",부정,연금제도,빈곤
"병주?  ㅎㅎ,겆것네",중립,기타,일반 잡담
"주옥이네.!,",중립,기타,일반 잡담
"퇴직연금 기금화 반대
사유재산의 공유화임",부정,퇴직연금,기금화 반대
마지막에 민주화 운동 감옥 다녀온 얘기해서 뭐지? 했는데 정치인이란 댓글보고 아하 그랬습니다 지금 현재 국민연금의 수익률이 좋다는 것을 본인의 업적으로 잘 어필하시네요 퇴직금까지 의무화한다는 것은 그 퇴직금의 주인인 직장인들에게 허락을 받아야지요 그들의 돈입니다,부정,연금제도,퇴직금 의무화
퇴직금을 의무화하는 명분을 수익률에 대한 기대로 설득하지만 일시금으로 필요한 사람들은 선택권이 없어지는게 문제예요 내돈인데...뭘 어떻게 하겠다는건지 좀 불안하네요,부정,연금제도,선택권 문제
포트폴리오 공개하면 변동성이 심화된다 하지만 그건 원론적인거고 사실 먹고땡치면 그만인데 제대로 etf만들어 줬음 좋겠다 공개하는 순간 국민연금 연수익률 30%되는건 시간문제인데,중립,투자전략,ETF
사회복지에 지출할 금액을 국민연금처럼 운용하는 복지기금공단 설립이 필요함.,중립,기타,복지기금
이잼이 대통되니 불신많던 연금공단도 이렇게 바뀌네 ㅋㅋㅋㅋ 공포조장해서 젊은이들 쇠내시키는 극우 매국노 뉴라이트들 보고있냐,부정,국민연금 조직,불신
"작년 상반기까지만 해도 2030세대들,,,,국민연금 고갈이나 연금 걔혁 이야기 하면서,,
기성세대나 노인세대들이 자기들 돈으로 윗세대가 더 받아간다...자기들은 한 푼도 못받는 노둑질이다라고 그렇게 비난했는데..
국내외 주식시장의 폭등과 엄청난 수익이 나면서,,,지금 상황은 그 윗세대가 낸 원금의 투자 수익으로 2030세대가 수혜를 보는 상황으로 바뀌고 있다.
그런데,,,과연 2030세대는 이걸 뭐라고 할까.....아마 이걸 당연시 할거다.....원래 내가 잘못되면 남이 잘못한 탓,,,잘되면 자기 잘난 덕분인게 사람 심리이니..ㅋㅋㅋ",부정,세대형평,세대 간 형평성
"ㅠㅠㅠ 우리 자칭 애국보수 분들은 왜 마약사범, 경제사범, 시국사범 이재용을 필두로 삼성이 국민연금에 역대급으로 막대한 손해를 끼친 국정농단 사건은 이악물고 언급도 안하면서 국민연금 손해다 돈아깝다 빼애액들을 하시는건지 ㅠㅠㅠ",부정,운용성과,손해
사명감으로 일을 하고있긴하나 1억대연봉이 그래도 억울은 하다,부정,국민연금 조직,연봉
"국민연금 좀 올려도.
너무 적어서 용돈연금이야?",부정,연금제도,보험료
"더 내고 더 받는 개악을 자기가 했다고 당당하게 말하네 ㅋㅋㅋ
그리고 소득 재붐배를 이미 엄청난 누진세로 하고 있는데 (하위 소득층을 세금 0원 내는중), 국민연금으로도 해야됨?
국민연금 필수가입으로 만든놈이 악이다...",부정,연금제도,개악
"김성주이사장은 정치인은 맞지요.
펀드매니저는 아니죠.
그렇지만 국민연금에 대해 정치인  가운데 이렇게 전문가는 없지요.
그렇기때문에 두번이나 이사장을 하고 계시는거죠.
국민연금 화이팅입니다.",긍정,국민연금 조직,전문성
지식인사이드 너무 유용한 프로그램 입니다❤,긍정,기타,유용성
아니 2030세대가 막연히 불안한게아니라 국민연금 수령하는 인구가 낸돈보다 더받아가니까 그게 2030세대가 인구가 더적은데 부양해야하는 구조자체가 문제인거지,부정,연금제도,부담구조
이사장님 훌륭한 분이시네요 감사합니다 응원합니다❤,긍정,국민연금 조직,응원
정부는 국민연금으로 환율방어하지마라 독립적으로 그대로 놔둬라,부정,정부개입·거버넌스,환율방어
이사장님 응원합니다 ~,긍정,국민연금 조직,응원
국채비중을 좀더 늘려야됩니다.imf나 보수경제학자들이 일본이나 미국같이 국가채무가많아도 국채의70~80%를 국민이나 자기나라기금에서 갖고있기에 기축통화국가라도 안심을 한다는데 우리나라는 비기축통화국가인데 공공기금이 보유하는게 적은거같아요,중립,투자전략,국채비중
일선에서 국민연금과 협업하고 있는 공무원입니다. 이사장님 말씀 들으며 더 열심히 근무해야겠다 생각하는 시간이었습니다. 감사합니다^^,긍정,국민연금 조직,협업
"국민연금이 레알 좋은게

매년 물가상승률을 반영해서 더 줌 ㅋㅋㅋ",긍정,연금제도,물가상승
"운수 대통한거지….
한국 시장 지수가 2배가 넘었으니 ….",중립,투자전략,시장지수
국민연금이 사면 따라사면됨 ㅎㅎ 내주식은 국민연금 최근에 나갔던데 걱정되긴하네 😂,중립,투자전략,주식
고맙습니다 😊,긍정,기타,감사
국민연금 펀드 만들어 주셈. 수익률 초대박!,긍정,운용성과,수익률
안 내고 안 받는다니까? 강제 좀 하지말지 의미없는 말을 하네,부정,연금제도,강제
"근데 ㅋㅋㅋㅋ 돈이라는게
국가가 운용하면 뭐 달라져요??
그냥 규모가 크게 만들어서
폰지구조처럼 손해는 증세로 땜빵하고
이익은 지들 성과 능력인것처럼 포장하고
ㅋㅋㅋㅋㅋㅋㅋㅋㅋㅋ
폰지사기꾼 구조잖아 ^^
그게 그냥 그나마 국가라서 공신력을 가지는것뿐 ^^
내놔 ^^ 내꺼 내가 알아서할게요",부정,연금제도,폰지구조
퇴직연금 굴리는거 도 스트레인데 이것도 좀 해주소 원하는 사람만 해주면 되는거 아니오,중립,퇴직연금,퇴직연금
"여러분 아셔야 하는 게 국민연금 말고 일반 사적연금은 수익율이 4%도 아니고 1%인 곳이 수두룩입니다
그런 곳에 연금 부어서 갖고 있어봐야 국민연금의 10분의 1도 못 돌려 받아요
국민연금을 가입해서 그나마 노후에 대비라도 되는 겁니다. 그 차이를 아세요.
그 금융사 다니시는 분들도 자사 연금 상품 가입 안 하고 국민연금 갖고 삽니다. 
 
현재 한국 코스피 상승으로 연금 고갈 시기가 2150년으로 밀렸어요. 
근데 고작 코스피 6000만으로 그런데 코스피가 1만피 넘어가면 어떻겠어요?
국짐당이 퍼트리는 어리석은 말들 믿지 말고 국가 믿고 국민연금 착실히 부으세요
당장 20만원이 아깝다고 생각 마시고요",긍정,연금제도,노후대비
국민연금 천재들이 약빨면서 투자하니까 믿음이 갑니다!!,부정,운용성과,조롱
국민을 위하는 마음을 바탕으로 책임을 다하여 역량을 발휘하는 모습이 감동입니다.,긍정,국민연금 조직,신뢰
4만원지원하는게 큰의미가있나?,부정,연금제도,지원
한국 경제 성장이 가장 중요한아뉴?,중립,기타,질문
수익율 1위했다던 24년 25년에는 김태현 이사장님 계실때네요(22.9~25.12기간) ㅋㅋ 이분이 다 하신줄,부정,운용성과,수익률
연금이사장도 인센티브를  주는게 옳은 생각아닌가?,중립,국민연금 조직,인센티브
"국민의 불신이 높았을때도 적극 믿어 가족 모두  가입가정입니다. 
국가의 보증을 믿습니다.",긍정,국민연금 조직,신뢰
"이분들 나라에서 특별상 주어야한다. 감사 감사 합니다.저말 존경스러운분들이다.
이사장님 퇘직할때 평생 편안하게 살수있도록 지원책있어야한다.
일본이 외국인을 대량으로 유입시키는 본질이 이거다, 일본도 국민연금부족,국민보험료적자에 젊은 외국인을 많이넣어서 이걸충당하고있다.",긍정,국민연금 조직,감사
오늘 게스트 최고입니다 👍,긍정,기타,응원
추가 개혁해야죠 부부한명사망시  적은 한명분 사라지는것 배우자분 선택시 60%밖에 못받는것 이거 바꿔주세요 회사와 개인이 내돈을 왜꿀꺽하나요?,부정,연금제도,개혁
어차피 국민연금도 프로그램아님?,중립,기타,질문
"대한민국이 망하거나
없어지지 않는 한 노후에 못 받는 일은 없다.
많던 적든....
😊",긍정,연금제도,지급 보장
"약간 억울하길 합니다라는 말씀이, 솔직해서 더 좋네요 ㅎㅎ",중립,기타,소감
"수익률이 높은데 왜 연금 지급 연령을 65세로 높이고 받을 수 있는 예상 연금액은 줄어드나요?? ☺️ 
수익은 개인이 투자해서 알아서 낼테니 국민돈으로 투자는 안정적으로만 하시고 수급 연령 다시 60세로 낮추고 연금수령액을 높여주세요! 종소세에서 연금 수령액은 아예 소득에서 빼주면 더 고맙고요
15:17 보험료 지원사업 해도 청년들 취업 안되서 소득이 없으면 보험료를 못내는 건데.. 취업 문제 부터 해결해 주세요!",부정,연금제도,수급연령
솔직하게 이게 뭔 비결이냐? 갑자기 대박난거지. 반도체 대박날거 알았으면 샌디스크랑 마이크론도 집중매수했겠지.,부정,투자전략,투자비결
"퇴직금을 일시불로 받는것에 대해 이상하다고 생각하는 윗선들 국민들 가스라이팅 그만해라 퇴직하고 새로 이직 준비나 창업자금 아니면 주택구입 병원비 등 일시금이 필요한 사람들 많은데 이런 선택의 폭을 왜 국가가 강제하는지 모르겠다 여기 민주주의 자본주의 아니냐? 퇴직연금 기금화는 국가가 개인의 사유재산권을 박탈하는 행위나 다름 없다 
젊은층들은 사실 국민연금의 원천징수도 못마땅해 하는데(나같이 이마저도 우리의 부모님이 받으시니까 그러려니 하는 사람도 있겠지만) 개인 자산이나 다름 없는 퇴직 연금마저 가져가려 한다면 가뜩이나 반발심있는 연금제도에 더 강한 부작용만 나을거 같다는 생각만든다",부정,퇴직연금,일시불
2찍이들 바들 바들 떨 내용이네..ㅋㅋ 국민연금으로 주가 떠받들어서 연금 개박살낸나고 징징 가짜뉴스 퍼트리더니..,부정,운용성과,가짜뉴스
"돈을 잃으면 내돈 아닌 국민세금이고,
 돈을 벌면 내가 번돈이니 성과급 왕창 가져가고! 땡보직이지.",부정,운용성과,성과급
작년 가만히 주식 갖고만 있어도 100퍼 이상 수익났을텐데 18퍼에요?????,부정,운용성과,수익률
"1500조....
왠만한 강철멘탈 아니면 운용 못하겠네;;;",부정,운용성과,운용
"이런 한국문화 너무 싫습니다.
충분한 보상도 해줘야지.
저정도 급인면 삼성,하이닉스 사장단 이상인데 아무리 그래도
2억도 안되는돈이라니..
참 안타깝습니다.

부와 명예를 드려야지.
나라에 기여하는바가 얼마나 큰데 😢",부정,국민연금 조직,보상
나 24년째 내고 있음 완납이 목표임ㅋㅋㅋ,긍정,연금제도,완납
맨날 잘 투자한다 소문은 나는데 왜 매년 내가 내야하는 %가 오르는것인가,부정,운용성과,비율
못믿겠다 솔직히 틀딱들만 받고 2030세대는 받을거란 기대가 도저히 안든다,부정,세대형평,미래세대 부담
"무슨 김성주가 전문가아? ㅎ
시장이 좋아서 일시적 수익이 좋았을뿐",부정,운용성과,기금수익
김 성 주 이사장 님이 대한민국 발전과 국민의 행복을 만드는 천사입니다.  앞으로 10년 20년 이상 계속 자리 해 주세요.,긍정,국민연금 조직,리더십
팩트는 폰지사기가 맞다는거임 어디서 국민을 가르치려고 드냐,부정,연금제도,폰지사기
그냥 공적연금만 관리해주셔~ 왜 퇴직연금을 기금화하려고 헛지꺼리를 하는 거임? 내 퇴직연금은 알아서 잘 관리하고 수익내고 있으니 니들 맘대로 기금화해서 내 초과수익을 뺏어가지 마셔.,부정,퇴직연금,기금화
솔직히 내가 연기금 정도 쩐이 있었으면 나도 저 수익 났음 ㅋㅋㅋㅋㅋ 쩐으로 물타고 수익나면 팔면 되는데?  지금 코스피도 연기금 기관이 올리면서 외국인이 온거지 ㅋㅋ,부정,운용성과,수익
50-65세 실업자퇴직자 정부대책을 제시하시길~,중립,기타,정부대책
"사람들이 장수하고 출산율이 낮으면 매년 20% 수익률 올려도 고갈된다. 결국 보험료를 더 올리고, 더 받는 식의 지급 이연으로 버틸텐데, 끝이 보인다..",부정,연금제도,고갈
국민연금 녹인다고 발발이뛰던 사람들이 꼭 봤으면 좋겠어요,긍정,연금제도,고갈
다행이네요 이사장님이 똑똑하시고 나라를 위하시는 것 같아 좋네요 어떻하면 국민세금 빼돌릴까만 생각하는 양아치 정치인들만 득실대서 짜증났는데 …… 응원합니다 양아치 정치인들과 타협하지마시고 나라를 위한 마음 잃지마시고 지금처럼만 해주세요 화이팅입니다!,긍정,국민연금 조직,이사장 응원
내꺼 더 내고 싶어요.,중립,연금제도,보험료
"연금받을 나이에 암 걸림
국립 병원에갔더니
임상권유하더라
당장 할수있는 보험되는 항암제있는데도!
지금 생각해보니 
 그 여의사는
환자를 살리려는게 아니었음ㆍ임상기다리며
암세포는 더. 퍼져나감ㆍ
40kg도 안되는 환자에게 루틴하게 200mg의 면역항암제 투여함
3일후 소천함",부정,기타,의료 비판
도둑질 않한다면  그나마  다행일세,부정,국민연금 조직,신뢰 부족
건보랑은 인성이틀리네요😢,중립,기타,비교 비판
지식인사이드 프로마다 넘필요한 지식을 알게해주셧어 감사해요,긍정,기타,정보 감사
"수고하셨습니다 
국민의 노후자금 국내시장에 투자를 하는것은 기본이라고 생각합니다",긍정,투자전략,국내투자
기밀같은 소리 장기투자 할 수 있는 환경 돈이 어마무시하니까 기관들이 투자 유치하려고 개인이 알 수 없는 엄청난 고급정보 제공 받음 돈 그리고 정보가 개인이랑 넘사벽이지 그 돈 정보력 가지고 못 버는게 말이 안됨,부정,투자전략,정보격차
건보료 땜에 국민연금 별로임,부정,연금제도,제도비판
한마디만 할께요 이전 지금70대분들 국민연금 망한다는 소문에 일시불로 받은분들........지금 완전 폭망했읍니다.,부정,연금제도,제도불신
"현재6만원씩더내고 40년후에 9만원더받으면 40년에 50프로 더준다는건데 S&P500에 40년넣고 40년찾아가면
2000프로인데 국민연금나오는 금액이 이래도되나요ㅠㅠ",부정,연금제도,수익성비교
"야 ㅡ.ㅡ
개소리하지마
그 돈을 수익실현 한게 아니잖어
그냥 장부상의 가치라고
그걸팔아서 현실화해야하는데
그게 쉽지않다고
그럼 주가폭락온다고",부정,운용성과,수익실현
"김성주이사장님은 국회의원도하시고 유명하고 애국심이 투철하신분인데 모르는 국민들이 많네요 김성주이사장님 항상 건강하시고 좋은일만 가득하시길 기원합니다 
한번도 만난적이없는 70대 중늙이가 ....",긍정,국민연금 조직,김성주 이사장
"환율 방어 한다고 이제 까 먹어야지..
주가 오른게 재명이가 잘 해서인가 외국인이 투자 끌어 올러서 그런가.",부정,정부개입·거버넌스,환율 방어
국민연금 운용직=영웅.  ....메모,긍정,국민연금 조직,운용직
외인 아니면 꼬꾸라짐. 무슨 투자비결은?,부정,투자전략,투자비결
김성주이사장님 오늘 처음 뵀는데요 정말 국가적으로 귀한 마인드를 가지신 귀한 분이시군요 훌륭하세요 존경합니다~,긍정,국민연금 조직,이사장
"김성주 이사장님  먼저  운영을 잘해 주셔서 감사드림니다 
저는 지금 61살 입니다   국민연금은 최고의 재태크 라 생각하고 88년1월 부터 넣고 결혼후 한꺼번에 탔습니다  아이들 키우면서 가정에 보탬이 되고자 직장을 다니면서 연금보험을 넣게 되었고 그러다 프리랜서로 일을 하게 되면서 임이연금을 신청을해  60까지 넣었습니다  그만 끝낼까 하다 연장으로 계속 내고 있습니다
64세에 연금개시 90정도 나옵니다  젊은2030세대 연금 고갈된다고 걱정하시지만  국가를 믿고 꼭 가입하셔서 노후 걱정없이
재태크 하세요  국민연금은 사회보장제도 입니다",긍정,연금제도,사회보장
완전 미국 사회보장제도를 100%로 모방해서 된게 대한민국 국민연금 보장제도네...,부정,연금제도,모방
"저런 훌륭한 기업을 전주에 쳐박아두고
인원대비 과대한 자산을 굴리며 사명감으로 일해라 이지랄하고있으니...
진짜 사명감 + 저기서 경력쌓아서 딴데가려는거 아니면 금융권에서도 굳이 갈 이유가없는기업이되어버림",부정,국민연금 조직,조직 비판
"저도 감사하고 칭찬합니다 ㅎ
우리나라 국민연금처럼 후하게 받는건 없는듯 합니다.
초고령 나이대엔 조금씩 줄이는게 좋은 대안일듯.",중립,연금제도,제도 대안
내공이어마어마한 양반이네... 연금공단 이사장은 진짜 ...아무나 하는 자리가 아니구나...,긍정,국민연금 조직,이사장 전문성
이사장님 감사합니다. 국민들노후를 지켜주심에 감사드립다.,긍정,국민연금 조직,감사
"18살 되면 소즉이 없어도 가입이 가능하다고 알려주지도 않고 지들 자식과 지인들에게만 일찍 가입하게 알려줬다고 이잼이 이야기 했다 
나쁜 넘들 우리 애가 아파 30이 되도록 가입을 못해왔는데...",부정,연금제도,가입 정보
이렇게 믿음직스러운 분이 계신 곳에서 연금을 굴려주시니 든든합니다. 앞으로도 쭉 함께 할게요❤❤,긍정,국민연금 조직,신뢰
"저런 훌륭한 기업을 전주에 쳐박아두고
인원대비 과대한 자산을 굴리며 사명감으로 일해라 이지랄하고있으니...
진짜 사명감 + 저기서 경력쌓아서 딴데가려는거 아니면 금융권에서도 굳이 갈 이유가없는기업이되어버림.
진짜 국연만큼은 지역인재 이딴 역차별 등용없이 순수하게 실력채용하고..
서울로 올려보내라.
돈은 좀 적게받아도 지방살이랑 서울살이랑은 차원이다르니",부정,국민연금 조직,지역인재
"우리나라도 노르웨이처럼 국가 펀드화 시켜서 납입률, 지급율을 크게 높히면 최소한 늙어서 돈 없다고 자살하는 사람은 줄일 수 있지 않을까.. 
이렇게 좋은 재원을 정쟁의 한복판으로 끌고와서 공산당이네 어쩌네 하는데 시간 낭비 말고, ‘한국인으로 태어났다는 것 자체가 스펙’인 가장 단단하고 튼튼한 사회보장의 중심축이 될 수 있는 모든 조건은 다 갖췄는데.. 
20대 조카왈 국민연금 없에야 나라가 산다고, 나라에 돈을 왜 내냐 미쳤냐는  말 듣고 저 거대한 국가기금도 얼마안가 이래저래 공중분해 되겠구나 싶었음.",부정,연금제도,제도 개혁
김성주 이사장님 성함 기억해둘께요 감사합니다,긍정,국민연금 조직,감사
연봉이 너무심하다. 너무너무너무낮네요,중립,국민연금 조직,연봉
벌면뭐하냐 수입도없는놈한테 부과해서 수입생기니 10년치 압류걸었는데..ㅆㅂ 죽지않고 살아서 돈벌면 바로 압류들어옴,부정,연금제도,부과
"이분은 얼마나 정직하시면
그많은 돈을 맡길까
훌륭하십니다",긍정,국민연금 조직,신뢰
운좋게 얻어걸린거 아님??,부정,운용성과,비판
진짜 신뢰가는 분이시네요 ❤,긍정,국민연금 조직,신뢰
"1. 감사합니다. 방송에 많이 출연하셔서 널리 알려주세요. 2. 미쿡시민인데, 70세부터 받으면 엄청 높아요. 70까지 기달려구요.  3. 대한민국은 앱을 켜면 바로 확인이 가능하다구요? 부럽네요. 미국은 아직 앱은 없고 웹사이트로만 가능해요. 오늘 방송 너무 좋습니다. 대한민국은 참으로 복 받은 나라입니다.",긍정,연금제도,제도
이사장님의 소신이 확신하시군요. 믿을만합니다. 국가는 국민연금 지원을 하루라도 빨리 해주셔서 복리의 힘을 챙길수있더록 해야합니다.,긍정,국민연금 조직,신뢰
그러게~~,중립,기타,일반 잡담
엔비디아 올라서 그런거 아닌가요?,중립,기타,질문
18%는 원화가치 폭망으로 벌어들인거지 ㅋㅋㅋㅋㅋ 그대로 뱉어야되는 순간이 온다,부정,운용성과,기금수익
이사람들 그냥 투자를 ㅈ나 잘함 저런 투자법은 배워야함,긍정,투자전략,투자법
"7:15 국민연금 시크릿, 분산투자 + 장기투자 + 위험회피 = 중위험 & 중수익",중립,투자전략,분산투자
국민연금 그동안 잘한것이 아니여.겁나게  못한거여.,부정,국민연금 조직,비판
"누구는 믾이 내고 적게 받고..
누구는 적게 내고 많이 받고..

무엇이 공평하다는건가??",부정,세대형평,형평성
당신들의 손에 우리국민들의 노후가 달려있습니다 감사합니다,긍정,국민연금 조직,신뢰
"청년을 지원한다면서 아직 청소년인 09년생부터 지원한다고? 그럼 지금 당장 2030인 80,90년대생은 희생양임?",부정,세대형평,세대 간 형평성
아니 그럼 뭐하냐고  그만은 수익난거 환 해지 15%해서 달러 방어 하는데 한달에 환율 방어에 1700억을 때려 부어도  못잡고  연금 만 축나고 있다 똑똑하면 뭐해 정치가 다 말아 먹는데  이게 현실이야,부정,정부개입·거버넌스,정치적 사용
애국자 이십니다.. 저의 노후자금이 될터인데 잘 운용 부탁드립니다.,긍정,운용성과,운용
"처음알았네요 국민연금관계자 여러분
너무감사합니다  ❤😊
너무수고하십니다🎉
기분좋다",긍정,국민연금 조직,감사
국민연금은 진짜 정보기관이랑 콜라보 하지 않을까 ? ㅋㅋ,중립,기타,정보기관
🎉🎉🎉,중립,기타,응원
결국 이재명 정부가 코스피 5000을 달성하면서 연금 문제를 해결했다. AI때문이야 빼액하는것들 있겠지만 결국  주식시장은 신뢰가 중요한데 윤석열 씹새기였으면 AI고 나발이고 올랐을거 같냐? 끽해봐야 3500정도 됐을거다,부정,투자전략,코스피
국민연금을 독립 기관으로 만들어야함 정치인들이 지들 자금처럼 쓰는문제가 있어서,부정,정부개입·거버넌스,독립기관
"이사장님의 발음이 너무 좋아요. 목소리도 좋고요. 인물도 빼어나네요. 사리 분별력도 뛰어납니다.
신언서판을 갖춘 인물입니다.
그래서  말하는 내용이 귀에 쏙쏙 들어오지요. 이해도 잘 되고요.",긍정,국민연금 조직,이사장
1~2년이 장기투자라구요 ㅋㅋㅋㅋㅋㅋㅋㅋㅋ,중립,투자전략,장기투자
애국자시네요 😊,긍정,기타,응원
국민연금 공무원들 성과금 많이 줘라~~,부정,국민연금 조직,성과금
팔아야 번거죠 국민연금이 다 현금화 해봐라 지네가 올려서 지금 계좌상의 돈이지 ~,부정,연금제도,현금화
국민연금 믿고 납입금 늘렸어요. 우리가족의 유일한 노후준비니까 잘 지켜주세요. 감사합니다!,긍정,연금제도,노후준비
"국민연금의 높은 실적은 높게 살 부분이겠으나 정치인 출신이라 그런지 부의 재분배나, 청년 세대의 의견이 충분히 반영되지 않은 연금개혁, 퇴직연금 기금화에 대해 옹호적인 입장이시네요 ㅋㅋ",부정,연금제도,연금개혁
프리랜서지만 지역가입자로 10년넘게 국민연금 납부중이에요. 사실 프리랜서라서 안내도 되지만 내 노후에 좀이라도 도움되겠지 싶은 마음에 내고있어요. 감사합니다.,긍정,기타,감사
국민연금 수익률이 좋으면 뭐 합니까?? 지급 나이를 자꾸 올려버릴려고 꼼수부리고 있는데~,부정,연금제도,지급 나이
이게 다 대통령덕이다,부정,기타,정치
믿음이갑니다 꾸준히 잘 납부할께요,긍정,기타,신뢰
블랙록은 얼마나 대단한거노…국밈연금에 몇십배네,중립,기타,블랙록
건강보험료 1년에 2천만원 내고 있는데. 너무 심하잖아. 병원가지도 않아요 난.,중립,기타,보험료
"잃을때는 어쩔꺼여 
남돈인데 책임물으면 어쩌라고가 먼저 나오지 않을까?",중립,기타,책임
연금님.. 지난 삼전. 무시막지 팔때..  진짜 원망 많이 함요..ㅎ 암쪼록 연금님이 잘 성장하시길 응원합니다 🎉🎉,긍정,기타,응원
다른 누가 돈 벌었다 하면 개부럽고 짜증나는데 국민연금이 벌었다니까 겁나 좋네 ㅋ,긍정,운용성과,수익
"추구하는 독립성과 다르게... 대통령이 환율 방어한다고 땡겨쓰는데 쩝,,
이야기 들어보니 모두가 난리쳤던 윗 세대만 더 내고 더 받는 구조를 추구하신게 저 분이셨군요??..
무슨 자신감으로 21세기 말 까지 소진 안된다고 하시는지... 이에 대한 근거는 막연하게
연 평균 수익률이고.. 국가 부담도 플러스인데, 수익만 말하고 손실은 말씀을 안 하시네요.. 순 이익이 중요한데요..
그리고 재정 적자인데 저거 하나 때문에 또 나라에 도움도 안되는 저소득층 살리자고 고소득자 삥 뜯어간다고요?
저같은 흙수저 고소득자들은 언제 집 사고 올라갑니까? 매 달 세금만 백 만원 이상 뜯깁니다.",부정,연금제도,고갈
국민연금관리공단 리더분이 제대로 된 분이네요 응원합니다,긍정,국민연금 조직,리더십
"와아, 훌륭한 분이 국민연금 이사장으로 계시니 참 감사하네요.  자리에 어울리는 좋은 인재가 그 자리에 갈 때 나라가 산다는 것을 정말 느끼고 있는 이 때. 앞으로 정말 사람 잘 뽑읍시다.",긍정,국민연금 조직,인재
이분들 존경함,긍정,국민연금 조직,존경
삼성물산 제일모직 합병안 찬성해서 재벌세습 가담한건 어떻게 생각하세요?,중립,기타,질문
과연 이게 연금의 실력인가? 내부에 이상한 인간들이나 제대로 정리하세요. 실력이 아니라 정치질로 자리 깔고 앉아있는 모 실장 같은 사람은 왜 아직도 있나요. 내부 감사는 제대로 했는지 모르겠네,부정,국민연금 조직,비판
애국자이시네요 멋집니다 배우고갑니다~ 다만 유리지갑인 직장인들은 너무 많이 뜯어가서 힘드네요~,긍정,연금제도,직장인
국민연금이 왠일이래.   전에 미국의 어느은행 때문에 꽤 손해많이 본걸로 아는데 그건 어찌 됐나 모르겠네,중립,운용성과,손해
"많이 내고 덜 받거나 못받게 되는 연금 기금에 대해서는 똑바로 답변 안하고 
소득 재분배가 이루어진다 라는 식으로 답변이 흘러가네
연금기금이 다 소진이 되는 그래프가 있는데 이거에 대해서는 회피해가시네",부정,연금제도,소진
펀드하나 만들면 안돼? 매년1조씩 세금으로 넣고 연평균수익률10프로면 100년뒤15경인데 그리고 법으로 100년뒤까지 못쓰게하고 그럼 미래는 더 풍족하게 살꺼같은데,중립,투자전략,펀드
증시 만포인트가면 국ㅁㄴ년금고갈 언됩ㄴ디ㅏ,부정,연금제도,고갈
퇴직연금 기금화는 말씀하신 취지는 좋으나 개인의 선택영역으로 남겨둬야 할 거 같습니다. 기존 국민연금도 정부에서 환율 방어의 용도외적 활용에  장벽을 만들어야 할 거 같구요....,중립,정부개입·거버넌스,선택영역
마지막 멘트는 진정 애국자이십니다^^~,긍정,국민연금 조직,애국자
"좋은인제  다른곳으로 가시기 전에
보너스 많이 주세요~~~",중립,기타,보너스
국민연금 화이팅,긍정,기타,응원
32:14 호주도 마찬가지임,중립,기타,정보
그러니까!!!! 있는걸로만 굴려 연금 안받아도 되니까 그만좀 가져가고,부정,연금제도,제도 비난
이사장님 정말 멋있습니다 존경합니다,긍정,국민연금 조직,칭찬
화이팅..!,긍정,기타,응원
한국 월가인 서울에 소재해야지 공기업 지방분산 정책으로 전주로 이전으로 능력자들이 교육등 인프라 결여되어 고능력자 지방기피기업으로 진짜 좋은 인재 많이 놓친다고 본다,부정,지역발전,지역 이전
"대한민국 돈의 가치가 떨어지면, 나중엪받는게 휴지돈이 될수그도 있다",중립,연금제도,가치하락
근본 문제인 저출산에 대한 대책이 가장 중요하겠습니다.,중립,기타,저출산
국민연금 펀드매니저분들 보너스 드려야 합니다 특별한 성과를 올린 사람에게 특별한 대접을 해야 합니다 그래야 이분들도 의욕도 생기고 더 노력도 하는거 아니겠습니까,긍정,국민연금 조직,보너스
"골드만 삭스, 불랠락 IB 가 와섶자주 만나면,  식사는 정말 맛지게 드시겠네요.  국민연금 계속 잘 될까요?",중립,기타,질문
국민 연금 공단.. 직원 다 압색해봐라.. 비리가 산덤이,부정,국민연금 조직,비리
진짜 대단한것같아요!!  월가 투자자들못지않은 대단한 사람들 많다고 봐요,긍정,국민연금 조직,칭찬
연금술사,중립,기타,기타
오 감사합니다. 사명감 갖고 일하기 어려운 시절인데 대단하십니다.,긍정,국민연금 조직,감사
어쩌다가 쥐잡은거지 이전 10년간 수익율 봐라 2015년~2024년 10년간 수익율 세계 20~30위 권임. 연금 총액은 세계 3위임. 2025년 합쳐봐야 스웨덴 같은 나라 수익율 반밖에 안됨.,부정,운용성과,수익률
이런분이 국민연금을 이끌어 가시니 우리 노후가 매우  아름다울것 같습니다  늘 건강하셔서    오래오래 일해 주세요,긍정,국민연금 조직,이사장
"국민연금 올해부터 받고 있어요 잘 운용해  주셔서 감사합니다 
문제는 건강보험인듯 합니다  오래 살게 하는데 중점을 둔듯한데 나이들어보니  건강할때까지만 살고 싶지  아파서 오래 고생할게 죽는거 보다 더 걱정되요 
 60세 이후 건강검진 안하고 싶으면 굳이 하라고 전화하지 말고 80넘어 죽는것을 고독사니 자살이니 요란 떨지 말고 존엄사로 받아들였으면 좋겠어요
그돈으로 젊은 사람 주거를 보장해줘야 나라에 미래가 있을듯이요",중립,연금제도,건강보험
모두 영웅이자 애국자 이십니다..감사드립니다 ~꾸벅..,긍정,기타,감사
"14:34 2030이 빡대가리인줄아냐ㅋㅋㅋㅋ 고갈되는거 확정되어있는거 누구나 다아는데 그와중에 50대는 더 빨아가는게 확정되어있고 걍 4050은 대가리만 큰 이익집단 그 이상이하도 아님
세금으로 보장해준다고?ㅋㅋㅋㅋ 그 세금은 누가내줄껀데",부정,연금제도,고갈
미사여구로는 정당성을 찾을수가없음,부정,연금제도,정당성
널리널리 알려지길.. 감사합니다❤,긍정,기타,감사
"리더가 진짜 중요한게
이재명 대통령이 판을 제대로 깔았지",중립,기타,리더십
이재명은 엉뚱한데 돈 뿌리지말고 국민연금에 지원해라!!,부정,연금제도,지원
홈플러스건은 책임져야지,부정,기타,비판
"해외투자
환율변동
원화 약세
남의 돈으로 하는 노름",부정,투자전략,해외투자
중요한건 내가 받을때 연금이 있어야한다,중립,연금제도,지급 방식
"훈훈 합니다
티키타카가 재미있고 너무 너무 감동적입니다
내연금
기대됩니다
5년 남았어요
부정적인 말이 많아서 불안했는데
이젠 너무 든든 해요
우리나라 지식인들이 이끌어주는 대한민국 감사합니다
소시민 행복합니다
최저임금이라 큰돈은 아니지만 평생 일했고 평생 납부 했어요",긍정,기타,응원
전주의 자존심!,긍정,지역발전,전북
"이재명 연임,이분 연임 😅",중립,기타,연임
ㅋㅋㅋ 웃기네,중립,기타,일반 잡담
"국가공무원 나라와 국민을 위해서
봉사 ! 그런 의무감으로 헌신하시는거죠! 육해공군도 정부기관의 공무원도 최고에요!
단 공무원아닌 어쩌다 공무원 되신분들이 불량품이 많잖아요!",부정,국민연금 조직,공무원 비판
"제도 자체는 논란이 있겠지만 국민연금 직원들은 지금 연봉 2배 줘도 아깝지 않음
진짜 일 개잘하고 있는거임",긍정,국민연금 조직,직원 칭찬
김성주 이사장님의 국민을 위한 진심과 신뢰가   느켜지는 영상입니다.  감사합니다,긍정,국민연금 조직,이사장 신뢰
국민연금 👍 이사장님외 직원분에게 감사드립니다,긍정,국민연금 조직,감사
"국민연금은 욕 많이 먹지만😮
기금운용은 잘하는게 확실함.
그리고 국민연금 고갈도 연금의 문제가 아니라 인구의 역피라미드가 문제고 해소하려면 애를 4명씩 낳으면 됨",중립,연금제도,고갈 문제
"몇 년 전 기금운용본부에 가서 강의를 했었는데, 세상 똑똑하신 분들이 겸손하시기까지 하셔서 인상적이있어요. 이사장님을 보니 조직 전반이 그러하신 듯 하네요. ^ ^",긍정,국민연금 조직,조직 신뢰
이분 덕분에 국민연금 믿음이 생겼습니다. 너무감사합니다,긍정,국민연금 조직,신뢰
"ㅋㅋㅋㅋ그래봤자 국민 주식으로 끌어들여서 저점에서 다빼먹은거잖아 ,ㅋㅋ",부정,투자전략,주식 비판
김성주 이사장님의 국민을 위한 진심과 신뢰가   느껴지는 영상입니다.  감사합니다.,긍정,국민연금 조직,신뢰
나중에 하락장 때 벤치마크 대비 적게 깨졌는데도 국민들이 졷지RAL한다에 왼쪽 랄부 검.,중립,운용성과,벤치마크
평가 손익 아님?,중립,운용성과,손익
국민연금은 자율가입해야한다,부정,연금제도,자율가입
"231조 벌었으면 몇십조는 대한민국으로 가져올수도 있는거지
언제? 환율이 제일 높을때 그래야 원화를 많이 바꿀 수 있으니까
그래야 환율시장도 안정시킬 수 있으니까

이걸로 욕하는 바보가 너무 많아",부정,운용성과,환율
진짜 애국자이신듯ㆍ진짜 든든하네요ㆍ노고에 감사합니다,긍정,국민연금 조직,감사
근데 불안한게 40세 직장인인데 25년후에 받을 수 있는 국민 연금이 100만원 조금 넘는데 그때 이 금액이 지금가 가치가 같을까? 그걸 저보다 더 젊은 세대는 걱정하는거 아닐까요? 고갈은 둘째치고,부정,세대형평,고갈
팔아야 수익 인거지 수익실현한게 있나 국민연금 팔고나가면 어케될지 뻔한데?,부정,운용성과,수익실현
"어머니가 국민연금 넉넉하게 받고 싶으셔서 납부 잘 하시다가 4500만원을 한 번더 크게 납부하셨는데 한 달 정도 뒤에 소천하셔서.. 그 돈은 아예 못받는 돈이 되어버렸습니다.
물론 아버지가 받으실 수 있지만, 기존에 받는 돈에 월 2~3만원 정도 더 받는다고 상담을 받았습니다..
여러분들의 어머니 아버지, 혹은 주변에 돈을 더 넣어서 더 받겠다고 하시는 분들이 있다면.. 말리시면 좋겠습니다.
17분 40초부터 18분 30초까지 들어보시면.. 국가가 국민을 위해서 이 제도를 운영하는 것이지 라는 말이 나옵니다.
왜 국민이 낸 돈을 돌려 주시지 않는 겁니까?.
어머니는 노후 준비 열심히 하시다가 국민연금만 열심히 내시고, 거기에다가 플러스로 더 크게 내셨는데..
돌려주시지도 않으시고.. 정말 속상합니다.",부정,연금제도,제도 비난
ㅠㅠ 이사장님 대단하십니다 노고에 감사드립니다!,긍정,국민연금 조직,감사
년말에 연금 수령자들 한테. 보너스 줘야  할듯한데 가능성 있을까ᆢ,중립,연금제도,보너스
"몰랐던 정보 알려주시는 지식인사이드,
사명으로 국민연금을 운영해주시는 김성주 이사장님과 직원분들 감사합니다 ㅎㅎ",긍정,국민연금 조직,감사
내가보기에도 누구보다 투자 잘하는데 욕하는넘들이 너무 많음ㅡㅡ,부정,투자전략,비판
미국은 1조억 굴려도 10억이상 연봉 주던데 ㅠㅠ 진짜 대단하심..!!,긍정,운용성과,성과
진짜 저 분들은 애국자다 정부에서 대우 더 잘해드리자 제발,긍정,국민연금 조직,애국자
국민연금 직원들 잘하고 계십니다 그런데 문제는 정치인 들이 문제지요..,긍정,국민연금 조직,직원
한가지 궁금한점 저 231조는 어디서온걸까?ㅎㅎ,중립,기타,궁금증
"무슨말하려고 나온건지는 이해하지만 지금은 투자 대비 높은 수익을 거둬서 저런말이 가능한거지
수년전만해도 국민연금공단에서 투자실패로 수백억이었나 수천억날렸다고 기사를 봤는데.. 다 결과론적인거 아닌가? 
기본적으로 애를 낳지 않는 시대인데 노년층 늘고 (연금받는 수혜자)  국민연금내는 젊은이들이 줄고 있는데
과연 장미빛 미래라고 볼 수 있는건지?
그때 가서 안받아도 되니깐 내가 여태 낸 원금만이라도 돌려달라~ 솔직히 국민 100명 중 90명이상은 지금 달라고 할걸? 
그돈으로 주식투자를 하거나 예금을 넣지~",부정,연금제도,미래불안
"응원해주고 싶지만 사모펀드하고 구린거 국민들 다압니다
이제라도 정신좀 차려요",부정,운용성과,사모펀드
3:46 감동입니다. 국민연금 이사장에게 이런 말씀을 들을 줄은 몰랐습니다.,긍정,국민연금 조직,감동
근데 과연 내가 연금 받을때까지 저렇게 수익이 날런지가 의문이긴해,부정,운용성과,수익의문
"제주 일본 중국 중에 한곳 해저터널 국민 연금으로 뚫고 통행료를 걷으면 마르지 않는 우물이 될거 같네요.
일자리 창출에도 도움이 되고 소득이 생기니깐 연금도 걷히고.",긍정,지역발전,해저터널
진짜 멋지신분이네요.,긍정,국민연금 조직,멋진분
이사장? 낙하산임. 금융지식 제대로없는상태에서 수행하는 굳이 저런사람을 왜 초대석에? 실질적인 운용직들이 에이스들이지 국민연금 포트폴리오는 공개하고있음 비록 전분기이기는하지만 그거 추종해서 매매만해도 수익률좋음,부정,국민연금 조직,낙하산
그러다가 주가.폭랃하면 ㅠㅠ,중립,기타,일반 잡담
"고갈만 문제삼는게 아니고 뭔 때만되면 받는거 늘리겠다고 하고 내는건 더 많이내겠다고 그거 통과되서 매번 윗세대만 좋아지는 게 문제아니었나.... 국민연금 수익률 생각하면 고갈은 좀 걱정안할수도있지, 윗세대들 지들만 생각하고 계속 정책바꾸는게 ㄹㅇ",부정,연금제도,고갈
직장에서 반을 부담 해 주는데 왜 많이 안 내고 싶겠어요 공무원이나 많이 떼고  뗀만큼 부담 해. 주니 대박 이죠,중립,연금제도,부담
5:17 국민 연금 투자 관련자분들 진짜 인재시고 대단하심... 공대처럼 이윤을 낼 수 있는 분들 대우 잘해줘야하듯 이런 분들도 사명감만 요구하지말고 어느정도 보상 제대로 해줘야할 듯. 저기 나가면 바로 스카웃 될 인재분들 같은데 ㄷ ㄷ,긍정,국민연금 조직,인재
국민연금 고갈?,중립,연금제도,고갈
개인퇴직연금을 401k 같은 모델로 하자는 걸까요? 개인퇴직연금 운영 처음 해야할때 진짜 막막하던데 그때 국민연금에 맡기고 싶다는 생각했어요. 지금은 공부해서 잘 운영하니 재미와 보람이 있어요. 우리나라 연기금 자랑스럽네요!! 우리나라 금융강국이 되길 바라는 마음 절실합니다!,긍정,퇴직연금,운영
"국민연금 인재 많은 건 맞음.
근데 리먼 금융위기 이후로 10년간 박스권이었다.
그 박스권 동안 연금개혁으로 말도 많고 탈도 많음.
국장이고 미장이고 박스권 버틸 수 있는 사람 많이 없음.
주식은 항상 오르고 화폐가치는 항상 떨어진다? 그것도 늘 맞는 말은 아님.",부정,운용성과,개혁
"저희어머니 119개월 천만원정도 추후납하고 
60세이후에도 임의계속가입시켜서 
월30만원 받기로되있는걸 68만원으로 높여드렸습니다 
이번 7월63세부터 수령시작입니다 연금수령 1년만 늦추면 연0.7 더 나온다고합니다만 빨리 받고싶어하셔서 이번7월부터 바로 수령하기로 했습니다 
자식들이 잘 공부해서 챙겨드려야됩니다",중립,연금제도,수령방식
정말 믿음직하다. 감사합니다,긍정,국민연금 조직,신뢰
"이렇게 품격있는 분이 대표로 계시니 든든하네요
귀한 분 초대해 주셔서 감사해요",긍정,국민연금 조직,이사장
팔아야 수익인데 멍청한 애들은 그걸 모름,부정,운용성과,수익
정말 골때리는분이네. 2025년12월에 국민연금 이사장 부임 해놓고 2017년 몇년 국민연금 이사장 했다고 마치 2017년부터 지금까지 자기가 만든 마냥 떠드네. 2025년 12월에 부임했는데 2025년 국민연금 수익율이랑 당신이랑 무슨 연관관계. 그나마 김성주이사장 2020년 퇴임 후 2명의 금융전문가들이 이사장해서 이정도지. 김성주이사장이랑 금융이랑 투자랑 무슨관계인가요? 국민의 미래를 책임지려면 금융투자전문가를 이사장으로 앉혀도 될까 말까한 자리를.  참 실망이네.,부정,국민연금 조직,비판
"이렇게 품격있는 분이 이사장 으로 계시니 든든하네요
실무 기금 운영진들도 너무 감사해요

최고의 시간이였습니다",긍정,국민연금 조직,이사장 칭찬
얼마나 방송이 병신 같으면 없애야 할 국민연금에 대해... 고갈 늦춙다고 좋아서 방송하나?? 진짜... 제정신임?? 빨리 없애야 할 어짜피 고갈 되고 지속 불가능한 제도를.... 좋다고 빠네... 미친거지 이정도면....,부정,연금제도,고갈
"항상 그렇게 벌면 인정해줄꼐
대세장에서 누가 수익 못보냐 
특히나 지금 국장이나 미장이나 얼마나 많이 올랐는데 ㅋㅋ
이떄까지 까먹은 돈만 얼만데 ㅋㅋ 복구해야지
그리고 주식은팔아야 수익이다 안팔면 그냥 디지털 머니임 ㅋㅋ",중립,투자전략,주식
삼성전자 깜짝빅대어닝 발표한 올해 200조 영업이익 예상하던데 삼전보다 국민연금 투지팀이 낫다니 대단하다 ㄷㄷ,긍정,투자전략,투자
돈으로 안줘도 뭐 뒤에서 마약 성대접 엄청해주겠지뭐,부정,기타,비난
연금 고갈된다고 불신 조장하고 하던 언론들 어디 갔어!!,부정,연금제도,불신
굳,긍정,기타,응원
댓글들보니 믿음이라....많이 믿어라ㅋㅋ,부정,기타,비판
약 빨아도 봐줘야지 어쩌겠노… 뭐 400명이 안된다며………….,부정,기타,비판
우리나라에서 천재중의 천재들이 가는 두곳이 국민연금공단과 국과연이라고 들었음,긍정,국민연금 조직,전문성
앞으로 쭉 잘하길 바랍니다.,긍정,기타,응원
감사합니다.^^,긍정,기타,감사
국민연금은 이렇게 일잘하는데 공무원연금은 왜 그모양인지ㅠ,긍정,국민연금 조직,조직 운영
영상초반부 말씀하신 국민의 것이다 라는 독립성원칙이 깨졌네요? 환율방어를 위해 국민연금을 시장에 쏟았으니,부정,정부개입·거버넌스,정치적 사용
"전라도에 우리 고모부님 내려가 계시는데 ㅎㅎ 스마트하신 분이죠.
내가 뿌듯하네",중립,기타,일반 잡담
사실 삼전 닉스 기존투자분이 수익율의 대부분 아닌가 새로운 종목발굴해서 수익율을 올렸다면 인정이지만,중립,운용성과,수익률
"진행 잘한다...
진행자 덕에 재미있던게 더 재밌어 지네
감사...ㅎㅎ",긍정,기타,응원
zzzzzzzzz어이가없네 그냥 국민연금이 지분올려서 물타기하다가 그냥 상법개정이랑 맞물려서 수익이좋은거지 원래 파생상품이랑 미국투자로 날린돈이얼마엿는데 ㅋㅋㅋ 이제와서 국내주식으로 돈좀벌엇다고 저러는거 킹받네,부정,운용성과,수익성
이런 이야기 들려주셔서 감사합니다. 불신이 아닌 믿음으로 갈 수 있게 해주셔서 감사해요!,긍정,국민연금 조직,신뢰
이번정부가 신의한수는 주식투자로의대전환임 1석으로  너무나많은 효과를보고있음 기업들자금수혈 두번째는 빈부격차완화 세번째는 부동산 투기막아 부채 증가억제 그리고 국민연금 고갈논란을한번에잠재움. 물론 부동산종사자들 다주택자들 욕 바가지로하겠지 근대 중요한건 국가가 건실해야 니들부동산도 건실한자산인거다 윤창났을때 국가의 벨류가떨어지면서 유동성 줄면서 은행이 위험해지는순간  한국에 가장약한고리 부동산 부터 나라가는 상황이었음,부정,연금제도,고갈
이런분들을 국회의원들이 불러서 고래고래 소리지르더라. 개뿔도 모르면서 몇년전 해외투자갖고 이래라저래라.,부정,정부개입·거버넌스,정치적 사용
"아니 근데 저 우수한 인재들이 다 연봉 많이 주는 곳으로 도망 간다는데 어찌 할려는지? 몇년 뒤 수익률 떨어지면 외양간 고쳐도 후회 할 듯..정신 차려라 
이재명정부",부정,국민연금 조직,인재 유출
"완전 우물안 얘기네  글로벌적으로 봐야지 뭔 한국내 우물안 소리만 하냐 ㅋㅋ
재정 망하는나라들이 국내돈이 없어서 망하냐 ㅋㅋ 글로벌적으로 달러로 평가하니 망하는거지 
국민연금 작년에 주식이 많이올라서 200조이상 수익이면  화폐가치는 10퍼이상 떨어졌기때문에
실제 수익율은 10퍼가 안되는거임  돈가치가 그만큼 안되기때문이지   
 작년부터 전세계적으로 미국 나스닥 ai주 중심으로 주식이 엄청오르고 한국도 많이 올라서 그런것일건데
만약에 주식이 폭락하면 마찬가지로  국민연금 적립금도 다까먹고 뒤로 가는거임   계속 많이 오를거만 가정을 하나? ㅋ
그리고 imf에서 한국에 정부부채 상승율이 너무높다고 작년부터 이미 4차례 경고를 날리고있는데
한국부채 문제터지고 외환문제터지면   97년 imf때도 경고에 무감각하다가  순식간에 터진거임  일단 터지면  환율 2천원넘고  3천원도 가는거임  
환율3천원가면  국민연금 실제로는 반토막나는거지  이때는 주식도 같이 나락으로 갈테고  국민연금 1/5토막나도 이상하지않지
만약에 상황이  국민연금 이때되면 지급중단  80세부터 수령이라고 바꿀거다   
결론은 국민연금 지급 받을사람들은 빨리빨리 받아라    나중에는 어떻게 될지 누구도 모른다  
그리고  퇴직연금 기금화는 완전 사적재산을 공적으로 관리할려는   사적재산을 왜 정부에서 수익이니 머니  헛소리하냐?
다알아서 하고   그돈으로 장사를하던지  다시 재투자를 하던지  다알아서 하는게 사적재산이지
 기금화는 헛소리라서  저런거는 들을가치도없는 사회주의 공산당같은 개소리",부정,연금제도,지급 중단
"사학연금 수혜자라 국민연금과 상관은 없지만 정말 존경합니다.
많은 유혹이 있을텐데, 오로지 국민을 위한 사명감으로 일히시는 분 정말 감사하고 존경합니다.",긍정,국민연금 조직,존경
이사장님 말씀 들으며 더 열심히 근무해야겠다 생각하는 시간이었습니다. 감사합니다^^,긍정,국민연금 조직,이사장
든든한 국민연금  감사합니다,긍정,기타,감사
"국민을 먼저 생각하는 시,이,오는 없고 자기들 입속에 먼저 들어 가게 되는 짓거리 보면 화가 난다 삼,전 노동자 데모나 자회사 직원들 성과급 잔치로 귀결되는 짓이 없었으면 한다
국민들 돈으로 성과를 냈으면 국민에게 먼저 배당해 주는 것이 마땅하고 타당하다",부정,연금제도,배당
팔아야 내돈,부정,연금제도,고갈
개 ㅈ같은 소리만하네 ㅋㅋㅋ,부정,기타,비판
정치권에서 넘보지 못하게 법으로 꽉 박아놔야 할텐데 말입니다.,부정,정부개입·거버넌스,정치적 사용
국민연금 직장인들이야 고용주가 절반을 내주니 부담이 적겠지만 지역가입자들은 국민연금+건보료로 20%씩 뜯기니 환장함,부정,연금제도,부담
"기금 운용과는 1도 상관없는 이런 억대연봉 낙하산 정치인이 아니라, 실무에서 올라온 기금운용본부장을 모실 수 있었으면 좋을뻔 했네요~",부정,국민연금 조직,낙하산
멋지시네요 최고에요 👍,긍정,기타,응원
늦었지만 이 방송 시청 해서 뿌듯합니다. 국민연금 직원분들 화이팅입니다. 응원합니다.,긍정,국민연금 조직,직원 응원
저런분들이 있어서 대한민국이 망하지 않는것입니다. 존경합니다. 초심을 잃지 말고 해주시길..,긍정,국민연금 조직,존경
시장에서 돈 많은놈 못 이긴다.......ㅎㅎㅎㅎㅎ,중립,기타,일반 잡담
"이런 말씀 반복적이라도 자주해주세요~~ 
국민연금을 저평가하는분들보면 안타깝더라구요",긍정,기타,응원
"반도체가 신의 한수 였습니다. 이 흐름을 놓치지 않은 우리 국면연금 정말 믿음직 합니다. 기금보다 윤용수익이 더 많다니 정말 경이롭습니다. 
군복무,  출산 등 기금규모를 확충하는 방안을 정부에서는 지속적으로 강구해야 합니다. 
(국민연금 초기에 지금 60대 인데 국민연금은 나중에 국가가 다 뺏어가는 것이라고 가입 안 하는 사람 봤습니다. 참 웃기는 전설적인 이야기입니다.)",긍정,운용성과,기금수익
이게 애국이지,긍정,기타,응원
"국민연금공단, 프로그램 제작진 ....감동이네요
노고에 박수를 보냅니다.
또 감사드립니다.",긍정,국민연금 조직,감사
저 분 코가 돈복이 어마어마한 코,부정,기타,조롱
"난 국민연금공단에 대한 신뢰는 있지만 국민연금제도에 대한 신뢰가 매우 낮은데 검찰, 언론개혁 등 국민에 영향이 단 하나도 없는 것들에 발악 하지 말고 말고 국민에 영향이 지대할 수 있는 연금개혁 좀 하자.",부정,연금제도,신뢰 저하
결국에는 개미투자들 돈 가져가는거다..,부정,연금제도,제도 비난
"관련 종사자만 알 수 있겠지만 내부자 정보 관리를 어떻게 하는지 참 궁금하네
누군가 운용을 한다면 그 투자정보가 주변으로 분명 흘러갈텐데",중립,기타,정보 공유
국민연금 내다가 공무원됐는데 그동안 낸 연금 왜 안돌려주냐?,부정,연금제도,환급 문제
"외국인 근로자들이 귀국할때 국민연금에 넣었든 돈을 현금으로 지급하여, 자기네 나라에 가서  집도 사고, 차도 사고 한다는 내용에, 
[한 20여개 나라말로 만들어서 쇼츠를 만들어 달라]는 진행자님의 말씀, 고맙습니다.

외국인 근로자들에게 많이 전달되어 대한민국 국민연금의 좋은점을 많이 알수있는 계기가 되었으면 합니다. 

그런 제도를 시행하는 이사장님께도 대한민국 국민의 한사람으로 감사드립니다.",긍정,국민연금 조직,감사
국민의 노후생활을 풍요롭게 하기위해 노력하시는 국민연금 운용 펀드메니저님께 감사드립니다.,긍정,운용성과,감사
"국민연금공단에 근무한다는 것 자체가 엄청난 명예직이자 대한민국에 사는 세계 경제통이라는 인증이지! 기금 운영직은 정말 사명을 가지지 못하면 못하지!!!
그 안에서도 경쟁이 치열하다 들었음!!!
그런 사람들이 있는 곳인데 매번 대선때마다 정치적으로 국민연금을 이용하는 정치인들은 정말 재수없어!! 세계경제 흐름에 따라 등락이 있는게 당연한데, 경제를 모르고 근시안적 시장만 보고 선동질하는 정치인들은 정말 없어졌음 좋겠다!! 꼭 돈많은 쉐끼들이 더 선동질에 앞장서더라!",부정,정부개입·거버넌스,정치적 사용
저희 애들  둘은  임의가입해서  각각95000원  정도  납부하고 있습니다..잘 한  결정  같아요...국민연금은  가입기간이  중요하니까요..,긍정,연금제도,가입
"난 내가 굴릴게 이 좋은 장에 18%밖에 못불리고 그마저도 저소득층에게 더 주겟다는데 이렇게 불합리한 제도가 어딨나??

정부입장에서야 자기돈 안들이고 국민돈으로 공짜 복지하는게 너무 개이득이니까 어떻게든 좋은 제도라고 가스라이팅하는거지ㅉ",부정,연금제도,제도 비난
결국엔 이번년도부터 0.5% 매년 누적인상해놓고 국가지원까지 바란다면 참나.. 포장은 잘해요. 수익 못보고 손실보면 더 빠른 고갈이 온다는 말이네 하락장에선 답 없다. 국민연금 너희들도 알잖아 지금까지 돈 찍어낸거 언제 터질까? 또 입법으로 소리소문없이 싹 바꾸겠지 [국민연금법 제3조의 2항 삭제] 모를줄 아냐? 삼권분립 국가에서 장난질 치는 것들이 뭘 못하겠냐?,부정,연금제도,고갈
이사장님 존경합니다,긍정,국민연금 조직,존경
아 희승탈퇴 사건 얘기 진짜 너무 웃기고 내가 다 부끄러움 ㅜㅠㅋㅋㅋㅋ,중립,기타,일반 잡담
ㅎㅎㅎ 내가하면 훨씬더 주가를 올린다,부정,투자전략,주가
기초연금 폐지하라. 애초에 노후준비를 안했으면 댓가를 치뤄야지 왜 젊은이들에게 기생해서 추하게 살라고 하나?,부정,연금제도,기초연금
아이를 낳지 않는데도 2100년까지 소진을 걱정하지 않아도 되나요?,중립,연금제도,고갈
8:55 국민연금 ETF ㅋㅋㅋㅋ 참신하다,긍정,투자전략,ETF
국민연금 포토폴리오도 중요하지만 매도 타이밍 매수타이밍이 더 중요하지 ㅋㅋㅋ,중립,투자전략,매도타이밍
잘이끌어 주셔서 감사하고 앞으로도 잘이끌어주세요~ 대한민국 화이팅!,긍정,국민연금 조직,감사
ㅋㅋㅋㅋ 국민연금 댓글알바 풀었나,부정,기타,댓글알바
항상 감사합니다,긍정,기타,감사
근데 왜 계속 올림,중립,기타,질문
정부 바뀌고 주가 올라가니 돈 벌었지 윤두창이 처럼 주가 2300 이면 아무리 재주 있어도 가능 하냐?,중립,투자전략,주가
"삼성전자도 성과급이 아니라 배당잔치를 해라

그래야 국민연금 고갈막는다.
그게 국가적인 일이다.",부정,연금제도,고갈
대한민국 공무원들 박봉에 애국하시고 존겨압니다~🤣,중립,기타,잡담
"댓글알바 풀었네 시청도안하는인간들이 추천수 박힌글들 의심안할수가없다
그리고 국민연금 선택제도로 바꾸던지해라 진짜",부정,연금제도,선택제도
돈 놓고 돈먹기  증시  올려  개미  등쳐  서민  울려,부정,연금제도,제도 비난
수익냇다고 성과비 받으면 손실되는건 물어낼수 있나?,중립,운용성과,성과비
퇴직연금도 극민연금에서 운용하면 국민연금 처럼 물가상승율 분으로해서 받을수 있나요??그렇다면 마다할 이유는 앖지요.,중립,퇴직연금,운용질문
대단하시네욧!!!! 너무 감사합니다 국민연금 대박이에요,긍정,기타,감사
국민 연금공단및 관계자분들 진심으로 감사합니다 ~☆,긍정,기타,감사
이사장님이 똑똑하네. 신뢰가 간다.,긍정,국민연금 조직,신뢰
정치인 출신을 왜 연금이사장으로 임명하는지 모르겠네. 전에 이사장하다가 총선나간다고 관둬버리고. 낙선하니 다시 이사장으로 임명되고 또 총선하면 그만두고 의원하러 나갈텐데. 무슨 전문성이 있어서 낙하산으로 임명하지,부정,국민연금 조직,전문성
"정말 귀한 말씀 감사드립니다!
국민연금 믿고 맡깁니다!
국민연금 모든 임직원분들 노고에 다시한번 감사드려모🎉",긍정,국민연금 조직,감사
대주주로서 할말은 해야죠 국민의 돈으로.투자를하는데 만약 기업이 잘못하고 있다면 관여하는게 맞습니다,긍정,정부개입·거버넌스,주주권행사
막연한 불신만 있었는데 이사장님이 누군지 찾아볼 생각도 없이 그랬네요ㅠ 다 알 수는 없지만 짧게나미 이야기 하시는 모습이 신뢰가 갑니다!,긍정,국민연금 조직,신뢰
국민연금공단 공기업에 우수한 인재분들이 민간기업에 높은 연봉을 마다하고 국민들의 노후를 위해서 봉사하고 계신다고 느껴지네요. 정말 감사합니다!!,긍정,국민연금 조직,봉사
"이야~
다시보이시네요
사명감이 없으면 할수 없는 직군이네요
존경 합니다",긍정,국민연금 조직,존경
국회있는분중에 이렇게까지 과거 현재 앞으로의 계획까지 이렇게 잘 알아듣게 설명해주시는분이 처음이네요. 열심히내야겠습니다,긍정,국민연금 조직,설명
"이야~
다시보이시네요
사명감이 없으면 할수 없는 직군이네요
존경 합니다
아~ 그러고 보니 김성주이사장님 이시구나",긍정,국민연금 조직,존경
원래 모의투자가 잘버는거야. 내 돈으로 투자를 하면 힘들고.,중립,투자전략,모의투자
국민연금 가입자 외국인들도 10년 납부를 못해도 예를 들어 독일은 한독 사회보장 협정으로 수급권 확보가 양국 법정연금 납부 10년만 채우면 국민연급 수급권 확보도 가능합니다.,중립,연금제도,수급권
맞아요 국민 크리딧 발생 시점에 투자 해서 복리 마법을 국민연금 공단과 국민이 누릴 수 있게 해주세요,긍정,투자전략,투자
그럼 40대도 30대도 국민연금 못받을 걱정 안해도 되겠지요?,중립,연금제도,수급연령
공무원들 돈 좀 많이줘라,부정,기타,공무원 급여
"이러니 신뢰할 수 없다는 거야
국민연금 개혁전 개인 27만+사업장13.5만이고 개혁후 개인39만+사업장19.5만인데 기존수령액 대비 9만원을 더 받아??ㅋㅋ 아이고야 개인은 소득대비 납부료가 3.3%가 올랐는데 그걸 말 안해? 결국 이 돈도 기존 세대 배 채우는 데 쓰이겠지 크아악투에에",부정,연금제도,개혁
역시나 떠블당출신이네 그런거 같더라 말만 번지르르,부정,국민연금 조직,비판
너무 감사합니다 이사장님,긍정,국민연금 조직,감사
"국민연금 홍보가 되지 않기위해서 중요한 질문을 안하셨네요
1. 더내고 더 받기
얼마만큼 더내고 얼마만큼 더 받을 수 있는지??
30세가 향후 30년간 기존대비 얼마만큼 더 국민연금을 내는데 국민연금에서 계산한 기대수명만큼 살 경우 얼마나 더 받는지요??
더내고 더 받는데 결국 따져보면 손해??!!
2. 형평성 
300만원 넘게 수령하는 분들 알려주시는건 좋은데 국민연금 납입금액 대비 수령금액이 10배 이상 받는 수를 알려주세요
그리고 10년 후 국민연금이 추산한 10배 이상 수령 받는 사람 증가 추이 알려주세요
천만원내고 1억 이상 받는 사람이 있는 반면 1억내고 천만원 받을지도 모르는거 아닌가요??
기존 국민연금 수령자는 적게 내고 많이 받는데 2,30대는 많이 내고 받지 못받을지도 모르는데 그렇게 자신 있으면 국민연금 수령액에 대한 정부 지급 보증을 법제화 해주셔야지 더내라고만  법개정하고 추후 더 적게 받으라고 법개정 안한다는 보장 있나요??
3. 국민연금 수익 자랑하시면서 왜 더내고 더 받는 법 개정을 했는지요??
결국 인구 감소와 기대수명 증가의 절대적인 국민연금의 구조적 한계를 가리기 위한 미봉책이 아닌가요??",부정,연금제도,형평성
이분이 국민연금을 살렸네…대단함..,긍정,국민연금 조직,칭찬
잘부탁드립니다,중립,기타,응원
개소라,부정,기타,비난
"이사장님 지난 선거때 아쉬웠는데 지금생각해보면 
천만다행입니다. 감사합니다.",긍정,국민연금 조직,감사
"운잉좋아서도 아니고 그대들이 잘 해서도 아니다
대통령  잘 뽑으니 국회가 일하고 공직자들이 일하고 대한민국이 바뀌고 있다는 것을 말하세요",부정,기타,정치적 비판
"요즘 사람들은 부정적인것만 보고 그걸 일반화 하는 아주 가난한사람들이 많은것같음
막상 70년을 보면 우리나라같은 나라가 없는데 이런나라를 위해 열심히 일한사람들은 
죄다 무시해버리는 ㅠ 
본인이 개념없고 가난한삶을 살고있다고해서 다 그런게 아닙니다",중립,기타,일반화
이런분들이 정치를 해야 하는데.....참.....,긍정,기타,정치
알고보면 대한민국 곳곳에 사회의 한 구성원으로서 사명감있으신 분들이 참 많으세요.. 정말 감사합니다 멋지십니다,긍정,국민연금 조직,사명감
"응 그래도안내~~
내가 하면 500%이상 수익임
연금 안내고 그돈으로 투자중ㅋ",부정,투자전략,투자
웃기고 있어요.. 그 수익률이 실제 현금화 한 수익률이 아니라는 것은 왜 말 못하냐?? 수익률을 단순한 장부상의 가치일뿐이지나.. 주가 폭락이나 경제 하락 국면에서는 완전 무너질 수 있는.. 현금화 된 것이 아닌 한 그 수익율은 그런 장부상의 수치상의 숫자일뿐..  사상누각 .. 그게 아니라면 당장에 내 돈 돌려주라.. 내 돈 돌려주라고..,부정,운용성과,수익률
대단하심 ㅜㅜ 진짜 사명감으로 일하시네요 존경합니다~~~,긍정,국민연금 조직,존경
물가상승률 따지면 실익없는거 아닌가,중립,연금제도,실익
이것도 부의재분배임 ㅜ소득높은사람은손해,부정,세대형평,재분배
많은 도움이 되었습니다 감사합니다,긍정,기타,감사
훌륭하신 분이네~,긍정,국민연금 조직,칭찬
멋지십니다~! 국민연금 응원할게요 ^^,긍정,기타,응원
"2025~2026년 (김태현 이사장/직무대행 등): 역대 최고 수익(231조) 달성. 1,400조 원 돌파.2022~2024년 (김태현 이사장 재임기): 불안정한 글로벌 시장 환경 속에서도 포트폴리오 다변화로 2025년 대규모 수익 기록.",긍정,운용성과,기금수익
다른 사람의 공을 자기가 한 마냥 얘기하는건 아니고 정확히 얘기를 해야지...,부정,국민연금 조직,비판
이분 이전 재임때는 2017년: 수익률 7.28%,중립,운용성과,수익률
작년 성과랑 이사람과는 관계없이 김성주 전 국회의원은 2025년 12월 15일 국민연금공단 제19대 이사장으로 다시 임명되었습니다.,중립,국민연금 조직,임명
이번 정부. 너무 감사합니다..이사장님 의견을 적극 반영한  국민연금 이제 좀 안심됩니다..,긍정,국민연금 조직,신뢰
"극우들은 국민연금 수급 박탈하라
돈 아깝다",부정,연금제도,수급박탈
"국민연금을 다시 보게되는
값진 시간이었습니다",긍정,기타,감사
와  우 수고하셔습니다 대한민국 만세 화이팅 가 자 으❤,긍정,기타,응원
"이 투자는 수시로 외국의 공격자본에 대항마가 되면 좋겠어요
소로스한테 당했던게 뼈아펐거든요",중립,투자전략,해외투자
"어떤  분인지 금궁했는데‥젊으시군요
희망이 느껴집니다🎉",긍정,기타,희망
에스티로더 빨리살려나 국민연금들아!,부정,기타,비판
잘 알지도 못하고 그동안 국민연금 욕해서 죄송했습니다.,긍정,기타,사과
이런분이 일제시대 때 독립운동가 싶니다.,중립,기타,일제시대
국민연금ᆢ 비트코인도포트폴리오에 10% 때려박으세요 ~!!,중립,투자전략,비트코인
기금운용본부가 하는거지 ㅎㅎ,중립,운용성과,기금운용
관리자는 전문가를 시켜야 함,중립,국민연금 조직,전문가
발상이 이상하시길래 찾아보니 작년에 임명되신분이네 ㅋ 12월에 임명 됐는데 자기 업적인척 하누?,부정,국민연금 조직,이사장 비판
시장을 지배 할수 있는 돈이면  가능하다 저것을 투자하는사람은 전문 집단이 아닌것으로 아는데,중립,투자전략,투자 전문성
https://youtu.be/ogOD_tZwccw?si=V6wGbIdDtFwtBRCR,중립,기타,링크
그는 이미 20년 전인 2006년부터 삼성서울병원 본관 7층 전체에서 자기 혼자 입원 상태였습니다.                                                          조용히 육체만 애매하게 호흡당하며 한국의 유산 세금을 회피하는 이상한 미이라였습니다.                                                                               정신과 육체는 이미 분리되어 한국 법을 회피하는 애매한 제사 상태였습니다..,중립,기타,일반 잡담
이 사람 그리고 국민연금 신뢰가 갑니다. 전 미국 교민이라 못받지만 대한민국 국민들이 잘 된다니 다행입니다,긍정,국민연금 조직,신뢰
귀한걸음 해주시고 국민연금에 대한 신뢰를 더욱 높이게 해주셔서 감사합니다~  귀한분들 초청하고 양질의 지식을 전해주시는 한석준님을 비롯한 지식인초대석 제작진들께도 늘 깊은 감사드려요,긍정,국민연금 조직,신뢰
살다살다 국민연금 욕안먹는거 첨본다,중립,기타,일반 잡담
"개인 : 내가 굴려도 그것 보단 잘 굴림
ㅡ 노인 빈곤 1위 국민ㅡ",부정,연금제도,노인 빈곤
멋지다,긍정,기타,응원
코가 아주 좋습니다 😊,긍정,기타,칭찬
한살부터 다문 만원이라도 연금을 넣어서 65세에 받으면 와…복리의 마법이 …,중립,연금제도,복리
"이재명 정부 금융선진화 + 반도체 빅사이클이 오는데 국내 투자 비중 14.9%로 묶어 놔서 수익률이 작년 18%, 올해 현재 20% 다 국내에서 발생함

진작에 30% 그래 최소 20%만 올려 놨어도 2000조는 이미 넘었다. 

어부지리로 돈 벌어 놓고 말은...
선제적으로 투자해서 물 들어올때 담아 !!!
성과라고 ??!!! 성과같은 소리하고 있어!!!",부정,운용성과,수익률
"나라를 위해 헌신하시는 이사장님의 소명의식은 훈장감이십니다요
이렇게 훌륭한 분들덕에 제가 잘 살아가고  있는거죠
감사합니다 😊",긍정,국민연금 조직,이사장 칭찬
민주화 운동을 후회하지 않는다.. 정말 나라를 생각하는 찐 애국자 이시네요.. 감사합니다.,긍정,기타,감사
아니 우리나라는 안사고 외국 투자가 더 많은데 지금 주가가 올라서 오른거지 이게 국민연금이 잘하고 있다고 볼 수 있나 지금이라도 우리나라 자신있게 매수해야지 그것도 늦다,부정,투자전략,국내주식
김성준. 이사장님 감사드립니다.♡,긍정,국민연금 조직,감사
국민연금 인정합니다 사랑합니다,긍정,기타,응원
성과급은 이분들한테 줘야지,부정,국민연금 조직,성과급
1월말 기준 1500조 현재기준 1800조임  저당시보다 300조늘엇음,중립,운용성과,기금수익
국가와 짜고 고스톱~~,부정,기타,조롱
좋은영상 잘 봤습니다..국민연금에 대해서 안좋은 기사들만 많이 봤는데 이영상을 보면서 새로운 정보를 알수있었습니다..,중립,기타,정보공유
"뭘.  삼성.하닉.현대 등 대기업주식   가만히 들고있었더니 반도체 터져서  수십조씩 성과 그냥 난거아냐,
마치 투자를 잘해서 그런거처럼,,
해외에서 많이 벌어와야지, 국내에서 100수십조 번다고 잘한거임??",부정,운용성과,성과비판
21세기말을 책임진다니 진짜 찢었다 존멋,긍정,국민연금 조직,응원
이분 민주당 정치인인데 수익은 팔아야 수익인데 어떻게 팔수 있을지~~,중립,운용성과,수익
국내 주식시장에 바람 불어 넣기. 지방선거전까지 지수 하락시키지 않기위해,중립,투자전략,주식시장
그전에는 손실많지않았나?,중립,기타,에러: APIStatusError
이게 억울해? 미친놈인가,중립,기타,에러: APIStatusError
"국내주식 비중을 줄이며 팔아야 실제 수익이 되는건데….국민연굼이 팔기시작하면 국내주가는 박살이라… 
잘 관리해 주시길 바랍니다.",중립,기타,에러: APIStatusError
"이 미친것들 또 선동질이네 지금현재 연기금이 국내주식투자 비중을 14.4%에서 지금 거의30%로 두배 늘려서 코스피가 오른거야 외국인들100조 이상 팔고 나갔다고 역대최고치였어 지금 코스피8800이거 연기금이 받치고있고 개미랑 같이 주가 폭락하면 뒤지는거야 연기금이 환율 방어하는 기관이 아니야
우리나라 주가 폭락을 대비해서작년에 국내주식투자비중 13%로 점차 줄이기로 했던거였어
260조가 적정 비중인데
이미 580초가까이 산거야
300조 오버야
외국인들 100조 팔고 나갈때 연기금이64조정도 나머지 40조를 개인이 받았어 나머지 300조를 추가로 넣은건데 환율을못잡은거야
이거 채권 살돈인데 안사니까 5년물 국내채권 금리가 올라가는거야
연기금은. 절대 한번에 주식포지션을 정리할수없어
바로 폭락하니까 아주 조금씩 0.1프로 파는것도 조심스렇게팔아야돼
 벌써 다섯번의 정책을 바꿨어 2026년 이정부가 벌인일이 38년만에 처음있는 일이야 이거사형감이다",중립,기타,에러: APIStatusError
팔 수는 있고여? ㅋㅋㅋ 이사장이라는 사람이 주식 평가가치 갖고 이런 얘기 공개적으로 하는게 맞아요?; 포지션 노출에 환율 1500위가 어떤 의미인지는 알고 말하는거죠? 연기금 물량 받아줄 외인은 이제 없고 국민들이 받아야 한다는 뜻인데,중립,기타,에러: APIStatusError
평가 금액이 아닌 손익금액이 확실한가요? 자동 밸런싱 되게끔해야지 왜 유보를해서 국내주식 30프로를 유지하나요?  그리고 4년동안 회의록을 왜 비공개처리 하나요? 환율 방어의 목적으로 리밸런싱을 유보했다고 했는데 지금 환율이 어떻나요? 지금이라도 빨리 방향성을 바로 잡으시길 바랍니다. 부디 미래세대에게 부담을 전가하지 마세요. 40대 가장으로써 진심 미래가 걱정됩니다.,중립,기타,에러: APIStatusError
정말 미래에 국민연금이 안전 할까요? 30년간의 근간을 흔들고 있는 이사장님 저는 전혀 안전해 보이지 않습니다.  박종훈의 지식한방의 영상참조합니다.  https://youtu.be/pkVq_ATN3zU?si=kq37Uhppk4XoubsE,중립,기타,에러: APIStatusError
위탁운용 주자나 ㅋㅋㅋ 아니 뭐 연금 내 매니저들이 직접 하는거처럼 얘기하냐.. 일반 자산운용사 선정해서 돈 뿌립니다 ㅡㅡ,중립,기타,에러: APIStatusError
지금도 그래봐야지,중립,기타,에러: APIStatusError
그간은 외ㅢ 못했냐!!,중립,기타,에러: APIStatusError
"이죄명이 한일이라고
누가그래??",중립,기타,에러: APIStatusError
"국가기밀?
그럼 나라에서 삼성에
이권줬냐",중립,기타,에러: APIStatusError
퇴직연금은 개인것인데 왜 강제화할려고 하나 국민연금 낸고나 돌려주라 내가 낸 내돈이다,중립,기타,에러: APIStatusError
여기 댓글 작업 하나요 칭찬 일색이네요 바로 옆 딘딘이 찍은 영상은 반대 댓글만 있던데요 ㅋㅋ 뭐가 진실인지 😂,중립,기타,에러: APIStatusError
꺼드덕되는 거봐 연금(국민거)-수익(국민거)-개미돈(국민돈) 결국 개미돈으로 벌고 빠짐,중립,기타,에러: APIStatusError
알플러가 없네.......반박불가니까.....,중립,기타,에러: APIStatusError
삼성 하이닉스 덕이지 뭘,중립,기타,에러: APIStatusError
"그렇게 수익율이 좋으면 강제가 아닌 선택으로 하고 생활고에 시달려 미납하는사람들 계좌 압류좀 쳐하지마세요 
수익율이 좋은데 왜 국민을 더 괴롭히는거야 수익을 믿을수가없어 ㅋㅋ",중립,기타,에러: APIStatusError
그래서 국민연금 두배 주냐?,중립,기타,에러: APIStatusError
영상 녹화 끝냈다ㅋㅋㅋㅋㅋ 영상 내리지 말아라ㅋㅋㅋㅋ,중립,기타,에러: APIStatusError
지금쯤 뭔생각하고있을까 ㅋㅋㅋㅋㅋㅋㅋ 골드만삭스가 한수배웟다고?ㅋㅋㅋㅋㅋㅋ 이제 정신이좀 드노?ㅋㅋㅋㅋㅋㅋ,중립,기타,에러: APIStatusError
그렇게 잘하셨으면서 왜 회의록은 2030년까지 비공개일까,중립,기타,에러: APIStatusError
"<오늘자 기사> 
""3년치 국민들 연금이 날아갔다""…고점 매도 놓친 국민연금 '180조 쇼크' 출처 : 아시아경제

국민연금이 공개한 올해 5월 말 기준 수익률은 26.18%였다. 기금 설치 이후 최고 기록이었던 지난해 연간 수익률 18.82%를 다섯 달 만에 넘어선 숫자다. 적립금은 1848조7020억원으로 지난해 말 1500조원대에서 다섯 달 사이 340조원 넘게 불어났다. 1988년 첫 보험료를 걷은 기금이 도달한 최고점이었다.

그러나 정점은 오래가지 않았다. 두 달 새 코스피 3분의 1이 날아갔다. 국민연금이 쌓아 올린 국내주식 평가액도 함께 주저앉았다. 지수 변동률을 단순 적용해 추산하면, 두 달 만에 줄어든 금액이 국민연금이 3년 반 동안 지급할 연금 총액에 맞먹는다.

국민연금은 고점 구간에서 기계적 매도, 즉 리밸런싱을 미뤄둔 상태였다. 원칙대로라면 덜어냈어야 할 자산을 그대로 들고 급락을 맞았다. 원칙이 왜 멈춰 섰는지를 보려면, 국민연금이 어떤 기금인지부터 짚어야 한다.

적기 놓친 리밸런싱…""외국인 배만 불려줘""

문제는 타이밍이다. 리밸런싱 유예 이후 코스피는 반도체주를 중심으로 가파르게 올랐다. 국민연금의 국내주식 비중도 목표치를 크게 웃돌았다. 그러나 5월 말 이후 국내 증시가 급락하면서 고점에서 일부 차익을 실현할 기회를 놓쳤다는 지적이 나온다. 외국인이 상반기에만 코스피에서 약 150조원어치를 팔아치우며 주가 상승의 과실을 따냈다.

국민연금 영끌하고 300조 공중분해... 역대급 정부의 막장 운용에 '날벼락' 

==============================================================================

주식은 매도로 수익을 실현하기 전까지는 내 수익이 아닌건데
주식평가이익(미실현이익)을 수익률로 눈속임해서 역대급 성과라며 자랑하던 정부나 기금 관계자들 보면서
국민들이 개돼지가 맞구나 싶더라.",중립,기타,에러: APIStatusError
"와... 주식으로 연금 고갈시점을 연장한다는게 무슨의미인지 모르는건가?
물론 영상에 나오신분의 책임감과 성과는 충분히 알겠지만
근본적으로, 투자해서 수익이 나야만 고갈이 안된다는게 핵심입니다..
수익을 현금화 시킨것도 아니잖아요.
앞으로도 100% 수익이 날거라는 보장이 있습니까?
우리 미래가 한 기관의 투자 선택에 달려있다구요.
무지성으로 좋아할게 아니라구요.

국민연금 또 오른다하고, 그제 120조 날렸다고 기사떴죠?
다시 고갈시점이 앞당겨졌네요?

근본적으로 뭐가 문제인지 모르겠습니까?",중립,기타,에러: APIStatusError
국장 조작하는데 가담한 국민연금    국민연금 국장 탈출하면 개미들 다 디진다 정말,중립,기타,에러: APIStatusError
무슨 수당같은 소리하고 있네 ㅡㅡ 전부 국민돈이고 사기업도 아닌데 헛소리 하고있네,중립,기타,에러: APIStatusError
"과연 이 시점에서 저기 나온 사람은 뭐라할지 궁금하네
코스피 목표 비중을 14%에서 20%로 올린 사람 중 하나 아닌가?",중립,기타,에러: APIStatusError
"ㅋㅋㅋㅋ 이때 찬양하던 사람들, 국민연금 외국인한테 코스피 설거지 당한 지금도 찬양할까 궁금하네...",중립,기타,에러: APIStatusError
